black,white,srand_num,black_score,white_score
normal,normal,81,27,37
normal,normal,82,35,29
normal,normal,83,40,24
normal,normal,84,37,27
normal,normal,85,31,33
normal,normal,86,35,29
normal,normal,87,37,27
normal,normal,88,39,25
normal,normal,89,28,36
normal,normal,90,19,45
normal,normal,91,44,20
normal,normal,92,35,29
normal,normal,93,44,20
normal,normal,94,20,44
normal,normal,95,33,31
normal,normal,96,29,35
normal,normal,97,36,28
normal,normal,98,36,28
normal,normal,99,23,41
normal,normal,100,39,25
normal,normal,616,45,19
normal,normal,617,43,21
normal,normal,618,11,53
normal,normal,619,48,16
normal,normal,620,42,22
normal,normal,621,22,42
normal,normal,622,21,43
normal,normal,623,34,30
normal,normal,624,39,25
normal,normal,625,21,43
normal,normal,626,33,31
normal,normal,627,27,37
normal,normal,628,43,21
normal,normal,629,49,15
normal,normal,630,32,32
normal,normal,631,13,51
normal,normal,632,33,31
normal,normal,633,43,21
normal,normal,634,32,32
normal,normal,635,36,28
normal,custom,81,39,25
normal,custom,82,39,25
normal,custom,83,39,25
normal,custom,84,31,33
normal,custom,85,24,40
normal,custom,86,33,31
normal,custom,87,36,28
normal,custom,88,24,40
normal,custom,89,33,31
normal,custom,90,29,35
normal,custom,91,19,45
normal,custom,92,21,43
normal,custom,93,22,42
normal,custom,94,23,41
normal,custom,95,29,35
normal,custom,96,45,19
normal,custom,97,31,33
normal,custom,98,29,35
normal,custom,99,40,24
normal,custom,100,25,39
normal,custom,616,42,22
normal,custom,617,40,24
normal,custom,618,34,30
normal,custom,619,22,42
normal,custom,620,33,31
normal,custom,621,31,33
normal,custom,622,32,32
normal,custom,623,24,40
normal,custom,624,25,39
normal,custom,625,16,48
normal,custom,626,52,12
normal,custom,627,46,18
normal,custom,628,19,45
normal,custom,629,42,22
normal,custom,630,41,23
normal,custom,631,30,34
normal,custom,632,21,43
normal,custom,633,33,31
normal,custom,634,21,43
normal,custom,635,22,42
normal,eva_my,81,33,31
normal,eva_my,82,16,48
normal,eva_my,83,17,47
normal,eva_my,84,42,22
normal,eva_my,85,13,51
normal,eva_my,86,17,47
normal,eva_my,87,24,40
normal,eva_my,88,35,29
normal,eva_my,89,28,36
normal,eva_my,90,17,47
normal,eva_my,91,42,22
normal,eva_my,92,32,32
normal,eva_my,93,32,32
normal,eva_my,94,30,34
normal,eva_my,95,27,37
normal,eva_my,96,28,36
normal,eva_my,97,15,49
normal,eva_my,98,26,38
normal,eva_my,99,29,35
normal,eva_my,100,32,32
normal,eva_my,616,25,39
normal,eva_my,617,28,36
normal,eva_my,618,21,43
normal,eva_my,619,18,46
normal,eva_my,620,22,42
normal,eva_my,621,29,35
normal,eva_my,622,24,40
normal,eva_my,623,26,38
normal,eva_my,624,29,35
normal,eva_my,625,39,25
normal,eva_my,626,40,24
normal,eva_my,627,38,26
normal,eva_my,628,28,36
normal,eva_my,629,19,45
normal,eva_my,630,34,30
normal,eva_my,631,35,29
normal,eva_my,632,24,40
normal,eva_my,633,38,26
normal,eva_my,634,13,51
normal,eva_my,635,12,52
normal,corner,81,23,41
normal,corner,82,19,45
normal,corner,83,22,42
normal,corner,84,15,49
normal,corner,85,20,44
normal,corner,86,17,47
normal,corner,87,14,50
normal,corner,88,40,24
normal,corner,89,23,41
normal,corner,90,30,34
normal,corner,91,9,55
normal,corner,92,21,43
normal,corner,93,31,33
normal,corner,94,25,39
normal,corner,95,19,45
normal,corner,96,27,37
normal,corner,97,19,45
normal,corner,98,28,36
normal,corner,99,27,37
normal,corner,100,35,29
normal,corner,616,25,39
normal,corner,617,15,49
normal,corner,618,21,43
normal,corner,619,28,36
normal,corner,620,26,38
normal,corner,621,35,29
normal,corner,622,33,31
normal,corner,623,22,42
normal,corner,624,18,46
normal,corner,625,35,29
normal,corner,626,21,43
normal,corner,627,19,45
normal,corner,628,52,3
normal,corner,629,26,38
normal,corner,630,21,43
normal,corner,631,26,38
normal,corner,632,30,34
normal,corner,633,18,46
normal,corner,634,15,49
normal,corner,635,47,17
normal,box,81,23,41
normal,box,82,19,45
normal,box,83,16,48
normal,box,84,37,26
normal,box,85,35,29
normal,box,86,20,44
normal,box,87,19,45
normal,box,88,28,36
normal,box,89,26,38
normal,box,90,19,45
normal,box,91,37,27
normal,box,92,16,48
normal,box,93,35,29
normal,box,94,28,36
normal,box,95,20,44
normal,box,96,43,21
normal,box,97,41,23
normal,box,98,16,48
normal,box,99,40,24
normal,box,100,33,31
normal,box,616,24,40
normal,box,617,36,28
normal,box,618,33,31
normal,box,619,39,25
normal,box,620,20,44
normal,box,621,29,35
normal,box,622,32,32
normal,box,623,18,46
normal,box,624,33,31
normal,box,625,33,31
normal,box,626,34,30
normal,box,627,27,37
normal,box,628,32,32
normal,box,629,25,39
normal,box,630,44,20
normal,box,631,39,25
normal,box,632,20,44
normal,box,633,26,38
normal,box,634,23,41
normal,box,635,32,32
normal,box_corner,81,37,27
normal,box_corner,82,34,30
normal,box_corner,83,37,27
normal,box_corner,84,22,42
normal,box_corner,85,31,33
normal,box_corner,86,31,33
normal,box_corner,87,25,39
normal,box_corner,88,13,51
normal,box_corner,89,39,25
normal,box_corner,90,10,54
normal,box_corner,91,26,38
normal,box_corner,92,18,46
normal,box_corner,93,43,21
normal,box_corner,94,32,32
normal,box_corner,95,37,27
normal,box_corner,96,27,37
normal,box_corner,97,11,53
normal,box_corner,98,35,29
normal,box_corner,99,24,40
normal,box_corner,100,34,30
normal,box_corner,616,15,49
normal,box_corner,617,32,32
normal,box_corner,618,25,39
normal,box_corner,619,35,29
normal,box_corner,620,32,32
normal,box_corner,621,18,46
normal,box_corner,622,31,33
normal,box_corner,623,26,38
normal,box_corner,624,19,45
normal,box_corner,625,36,28
normal,box_corner,626,21,43
normal,box_corner,627,35,29
normal,box_corner,628,19,45
normal,box_corner,629,25,39
normal,box_corner,630,29,35
normal,box_corner,631,23,41
normal,box_corner,632,20,44
normal,box_corner,633,32,32
normal,box_corner,634,20,44
normal,box_corner,635,24,40
normal,weak,81,44,20
normal,weak,82,44,20
normal,weak,83,29,35
normal,weak,84,51,13
normal,weak,85,25,0
normal,weak,86,19,0
normal,weak,87,30,34
normal,weak,88,38,26
normal,weak,89,51,13
normal,weak,90,35,29
normal,weak,91,37,27
normal,weak,92,43,21
normal,weak,93,31,33
normal,weak,94,32,32
normal,weak,95,43,21
normal,weak,96,58,0
normal,weak,97,42,22
normal,weak,98,27,37
normal,weak,99,43,21
normal,weak,100,13,0
normal,weak,616,26,38
normal,weak,617,35,29
normal,weak,618,54,10
normal,weak,619,17,0
normal,weak,620,29,35
normal,weak,621,54,10
normal,weak,622,47,17
normal,weak,623,38,26
normal,weak,624,21,0
normal,weak,625,34,30
normal,weak,626,28,36
normal,weak,627,41,23
normal,weak,628,44,20
normal,weak,629,34,30
normal,weak,630,28,36
normal,weak,631,50,14
normal,weak,632,32,32
normal,weak,633,24,40
normal,weak,634,20,44
normal,weak,635,43,21
normal,fifteen,81,33,31
normal,fifteen,82,59,4
normal,fifteen,83,35,29
normal,fifteen,84,40,24
normal,fifteen,85,33,31
normal,fifteen,86,34,30
normal,fifteen,87,48,16
normal,fifteen,88,12,52
normal,fifteen,89,40,24
normal,fifteen,90,50,14
normal,fifteen,91,44,20
normal,fifteen,92,19,45
normal,fifteen,93,36,28
normal,fifteen,94,8,56
normal,fifteen,95,22,42
normal,fifteen,96,39,25
normal,fifteen,97,34,30
normal,fifteen,98,16,48
normal,fifteen,99,18,46
normal,fifteen,100,31,33
normal,fifteen,616,20,44
normal,fifteen,617,21,43
normal,fifteen,618,44,20
normal,fifteen,619,35,29
normal,fifteen,620,45,19
normal,fifteen,621,45,19
normal,fifteen,622,41,23
normal,fifteen,623,16,48
normal,fifteen,624,33,31
normal,fifteen,625,22,42
normal,fifteen,626,40,24
normal,fifteen,627,34,30
normal,fifteen,628,36,27
normal,fifteen,629,9,55
normal,fifteen,630,20,44
normal,fifteen,631,42,22
normal,fifteen,632,39,25
normal,fifteen,633,20,44
normal,fifteen,634,28,36
normal,fifteen,635,34,30
normal,seventeen,81,22,42
normal,seventeen,82,39,25
normal,seventeen,83,23,41
normal,seventeen,84,41,23
normal,seventeen,85,37,27
normal,seventeen,86,60,3
normal,seventeen,87,22,42
normal,seventeen,88,32,32
normal,seventeen,89,31,33
normal,seventeen,90,49,15
normal,seventeen,91,29,35
normal,seventeen,92,33,31
normal,seventeen,93,30,34
normal,seventeen,94,27,37
normal,seventeen,95,19,45
normal,seventeen,96,19,45
normal,seventeen,97,25,0
normal,seventeen,98,27,37
normal,seventeen,99,48,16
normal,seventeen,100,20,44
normal,seventeen,616,30,34
normal,seventeen,617,33,31
normal,seventeen,618,56,8
normal,seventeen,619,16,48
normal,seventeen,620,45,19
normal,seventeen,621,42,22
normal,seventeen,622,43,21
normal,seventeen,623,33,31
normal,seventeen,624,24,40
normal,seventeen,625,18,46
normal,seventeen,626,32,32
normal,seventeen,627,28,36
normal,seventeen,628,33,31
normal,seventeen,629,41,23
normal,seventeen,630,47,17
normal,seventeen,631,52,12
normal,seventeen,632,10,54
normal,seventeen,633,40,24
normal,seventeen,634,49,14
normal,seventeen,635,25,39
normal,twenty,81,37,27
normal,twenty,82,34,30
normal,twenty,83,27,37
normal,twenty,84,25,39
normal,twenty,85,39,25
normal,twenty,86,20,44
normal,twenty,87,48,16
normal,twenty,88,32,32
normal,twenty,89,41,23
normal,twenty,90,30,34
normal,twenty,91,26,38
normal,twenty,92,24,40
normal,twenty,93,44,20
normal,twenty,94,36,28
normal,twenty,95,29,35
normal,twenty,96,33,31
normal,twenty,97,51,13
normal,twenty,98,54,10
normal,twenty,99,43,21
normal,twenty,100,27,37
normal,twenty,616,30,34
normal,twenty,617,36,28
normal,twenty,618,45,19
normal,twenty,619,18,46
normal,twenty,620,40,24
normal,twenty,621,32,32
normal,twenty,622,31,33
normal,twenty,623,48,16
normal,twenty,624,22,42
normal,twenty,625,27,37
normal,twenty,626,12,51
normal,twenty,627,41,23
normal,twenty,628,37,27
normal,twenty,629,35,29
normal,twenty,630,31,33
normal,twenty,631,37,27
normal,twenty,632,32,32
normal,twenty,633,48,16
normal,twenty,634,36,28
normal,twenty,635,30,34
custom,normal,81,33,31
custom,normal,82,48,16
custom,normal,83,38,26
custom,normal,84,30,34
custom,normal,85,43,21
custom,normal,86,41,23
custom,normal,87,36,28
custom,normal,88,32,32
custom,normal,89,42,22
custom,normal,90,39,25
custom,normal,91,18,46
custom,normal,92,50,14
custom,normal,93,28,36
custom,normal,94,38,26
custom,normal,95,32,32
custom,normal,96,26,38
custom,normal,97,34,30
custom,normal,98,32,32
custom,normal,99,28,36
custom,normal,100,36,28
custom,normal,616,23,41
custom,normal,617,31,33
custom,normal,618,30,34
custom,normal,619,26,38
custom,normal,620,47,17
custom,normal,621,30,34
custom,normal,622,25,39
custom,normal,623,29,35
custom,normal,624,31,33
custom,normal,625,40,24
custom,normal,626,31,33
custom,normal,627,21,43
custom,normal,628,34,30
custom,normal,629,25,39
custom,normal,630,32,32
custom,normal,631,27,37
custom,normal,632,46,18
custom,normal,633,16,48
custom,normal,634,47,17
custom,normal,635,41,23
custom,custom,81,30,34
custom,custom,82,40,24
custom,custom,83,55,9
custom,custom,84,14,50
custom,custom,85,40,24
custom,custom,86,17,47
custom,custom,87,26,38
custom,custom,88,28,36
custom,custom,89,38,26
custom,custom,90,18,46
custom,custom,91,32,32
custom,custom,92,38,26
custom,custom,93,47,17
custom,custom,94,38,26
custom,custom,95,38,26
custom,custom,96,27,37
custom,custom,97,18,46
custom,custom,98,39,25
custom,custom,99,36,28
custom,custom,100,30,34
custom,custom,616,27,37
custom,custom,617,21,43
custom,custom,618,44,20
custom,custom,619,37,27
custom,custom,620,39,25
custom,custom,621,25,39
custom,custom,622,38,26
custom,custom,623,36,28
custom,custom,624,24,40
custom,custom,625,27,37
custom,custom,626,48,16
custom,custom,627,38,26
custom,custom,628,34,30
custom,custom,629,24,40
custom,custom,630,25,39
custom,custom,631,31,33
custom,custom,632,27,37
custom,custom,633,29,35
custom,custom,634,33,31
custom,custom,635,31,33
custom,eva_my,81,35,29
custom,eva_my,82,40,24
custom,eva_my,83,25,39
custom,eva_my,84,9,55
custom,eva_my,85,40,24
custom,eva_my,86,31,33
custom,eva_my,87,20,44
custom,eva_my,88,29,35
custom,eva_my,89,34,30
custom,eva_my,90,27,37
custom,eva_my,91,29,35
custom,eva_my,92,18,46
custom,eva_my,93,26,38
custom,eva_my,94,36,28
custom,eva_my,95,37,27
custom,eva_my,96,25,39
custom,eva_my,97,38,26
custom,eva_my,98,27,37
custom,eva_my,99,31,33
custom,eva_my,100,30,34
custom,eva_my,616,24,40
custom,eva_my,617,36,28
custom,eva_my,618,26,38
custom,eva_my,619,33,31
custom,eva_my,620,29,35
custom,eva_my,621,41,23
custom,eva_my,622,27,37
custom,eva_my,623,29,35
custom,eva_my,624,18,46
custom,eva_my,625,14,50
custom,eva_my,626,20,44
custom,eva_my,627,31,33
custom,eva_my,628,36,28
custom,eva_my,629,37,27
custom,eva_my,630,24,40
custom,eva_my,631,39,25
custom,eva_my,632,17,47
custom,eva_my,633,15,49
custom,eva_my,634,34,30
custom,eva_my,635,28,36
custom,corner,81,23,41
custom,corner,82,26,38
custom,corner,83,36,28
custom,corner,84,14,50
custom,corner,85,33,31
custom,corner,86,26,38
custom,corner,87,36,28
custom,corner,88,17,47
custom,corner,89,21,43
custom,corner,90,27,37
custom,corner,91,33,31
custom,corner,92,38,26
custom,corner,93,28,36
custom,corner,94,30,34
custom,corner,95,37,27
custom,corner,96,34,30
custom,corner,97,17,47
custom,corner,98,35,29
custom,corner,99,19,45
custom,corner,100,15,49
custom,corner,616,15,49
custom,corner,617,33,31
custom,corner,618,38,26
custom,corner,619,29,35
custom,corner,620,20,44
custom,corner,621,39,25
custom,corner,622,27,37
custom,corner,623,22,42
custom,corner,624,31,33
custom,corner,625,16,48
custom,corner,626,19,45
custom,corner,627,29,35
custom,corner,628,39,25
custom,corner,629,27,37
custom,corner,630,26,38
custom,corner,631,23,41
custom,corner,632,39,25
custom,corner,633,24,40
custom,corner,634,25,39
custom,corner,635,31,33
custom,box,81,37,27
custom,box,82,27,37
custom,box,83,16,48
custom,box,84,23,41
custom,box,85,25,39
custom,box,86,15,49
custom,box,87,13,51
custom,box,88,42,22
custom,box,89,19,45
custom,box,90,39,25
custom,box,91,34,30
custom,box,92,36,28
custom,box,93,19,45
custom,box,94,18,46
custom,box,95,26,38
custom,box,96,17,47
custom,box,97,30,34
custom,box,98,38,26
custom,box,99,50,14
custom,box,100,37,27
custom,box,616,30,34
custom,box,617,45,19
custom,box,618,19,45
custom,box,619,36,28
custom,box,620,36,28
custom,box,621,35,29
custom,box,622,24,40
custom,box,623,19,45
custom,box,624,21,43
custom,box,625,19,45
custom,box,626,30,34
custom,box,627,34,30
custom,box,628,32,32
custom,box,629,25,39
custom,box,630,43,21
custom,box,631,33,31
custom,box,632,33,31
custom,box,633,17,47
custom,box,634,20,44
custom,box,635,17,47
custom,box_corner,81,32,32
custom,box_corner,82,35,29
custom,box_corner,83,45,19
custom,box_corner,84,21,43
custom,box_corner,85,28,36
custom,box_corner,86,38,26
custom,box_corner,87,26,38
custom,box_corner,88,18,46
custom,box_corner,89,31,33
custom,box_corner,90,33,31
custom,box_corner,91,22,42
custom,box_corner,92,28,36
custom,box_corner,93,31,33
custom,box_corner,94,30,34
custom,box_corner,95,27,37
custom,box_corner,96,23,41
custom,box_corner,97,14,50
custom,box_corner,98,17,47
custom,box_corner,99,40,24
custom,box_corner,100,28,36
custom,box_corner,616,30,34
custom,box_corner,617,31,33
custom,box_corner,618,23,41
custom,box_corner,619,30,34
custom,box_corner,620,21,43
custom,box_corner,621,30,34
custom,box_corner,622,36,28
custom,box_corner,623,13,51
custom,box_corner,624,15,49
custom,box_corner,625,13,51
custom,box_corner,626,38,26
custom,box_corner,627,35,29
custom,box_corner,628,28,36
custom,box_corner,629,25,39
custom,box_corner,630,24,40
custom,box_corner,631,32,32
custom,box_corner,632,25,39
custom,box_corner,633,20,44
custom,box_corner,634,15,49
custom,box_corner,635,24,40
custom,weak,81,44,20
custom,weak,82,51,13
custom,weak,83,42,22
custom,weak,84,51,13
custom,weak,85,55,8
custom,weak,86,32,32
custom,weak,87,44,20
custom,weak,88,49,15
custom,weak,89,35,29
custom,weak,90,49,15
custom,weak,91,44,20
custom,weak,92,56,8
custom,weak,93,41,23
custom,weak,94,60,0
custom,weak,95,39,25
custom,weak,96,47,16
custom,weak,97,49,15
custom,weak,98,55,9
custom,weak,99,42,22
custom,weak,100,39,25
custom,weak,616,38,26
custom,weak,617,32,0
custom,weak,618,43,21
custom,weak,619,55,9
custom,weak,620,40,24
custom,weak,621,44,20
custom,weak,622,49,15
custom,weak,623,45,19
custom,weak,624,43,21
custom,weak,625,44,20
custom,weak,626,38,0
custom,weak,627,41,23
custom,weak,628,49,15
custom,weak,629,53,11
custom,weak,630,48,16
custom,weak,631,46,18
custom,weak,632,49,15
custom,weak,633,56,8
custom,weak,634,46,18
custom,weak,635,45,19
custom,fifteen,81,45,19
custom,fifteen,82,39,25
custom,fifteen,83,18,46
custom,fifteen,84,26,38
custom,fifteen,85,53,11
custom,fifteen,86,32,32
custom,fifteen,87,28,36
custom,fifteen,88,24,40
custom,fifteen,89,37,27
custom,fifteen,90,40,24
custom,fifteen,91,26,38
custom,fifteen,92,31,33
custom,fifteen,93,35,29
custom,fifteen,94,37,27
custom,fifteen,95,44,20
custom,fifteen,96,21,43
custom,fifteen,97,46,18
custom,fifteen,98,26,38
custom,fifteen,99,30,34
custom,fifteen,100,44,20
custom,fifteen,616,26,38
custom,fifteen,617,37,27
custom,fifteen,618,44,20
custom,fifteen,619,28,36
custom,fifteen,620,27,37
custom,fifteen,621,18,46
custom,fifteen,622,28,36
custom,fifteen,623,37,27
custom,fifteen,624,25,39
custom,fifteen,625,23,41
custom,fifteen,626,33,31
custom,fifteen,627,21,43
custom,fifteen,628,42,22
custom,fifteen,629,26,38
custom,fifteen,630,47,0
custom,fifteen,631,18,46
custom,fifteen,632,33,31
custom,fifteen,633,35,29
custom,fifteen,634,28,36
custom,fifteen,635,38,26
custom,seventeen,81,27,37
custom,seventeen,82,48,16
custom,seventeen,83,35,29
custom,seventeen,84,48,16
custom,seventeen,85,42,22
custom,seventeen,86,43,21
custom,seventeen,87,46,18
custom,seventeen,88,31,33
custom,seventeen,89,47,17
custom,seventeen,90,45,19
custom,seventeen,91,42,22
custom,seventeen,92,37,27
custom,seventeen,93,46,18
custom,seventeen,94,51,13
custom,seventeen,95,42,22
custom,seventeen,96,42,22
custom,seventeen,97,52,12
custom,seventeen,98,29,35
custom,seventeen,99,42,22
custom,seventeen,100,31,33
custom,seventeen,616,49,15
custom,seventeen,617,47,17
custom,seventeen,618,49,15
custom,seventeen,619,48,16
custom,seventeen,620,63,0
custom,seventeen,621,33,31
custom,seventeen,622,47,17
custom,seventeen,623,47,17
custom,seventeen,624,46,18
custom,seventeen,625,44,20
custom,seventeen,626,42,22
custom,seventeen,627,51,13
custom,seventeen,628,43,21
custom,seventeen,629,31,33
custom,seventeen,630,47,17
custom,seventeen,631,51,13
custom,seventeen,632,43,21
custom,seventeen,633,32,32
custom,seventeen,634,47,17
custom,seventeen,635,44,20
custom,twenty,81,26,38
custom,twenty,82,41,23
custom,twenty,83,33,31
custom,twenty,84,45,19
custom,twenty,85,25,39
custom,twenty,86,41,23
custom,twenty,87,46,18
custom,twenty,88,32,32
custom,twenty,89,40,24
custom,twenty,90,44,20
custom,twenty,91,42,22
custom,twenty,92,23,41
custom,twenty,93,42,22
custom,twenty,94,48,16
custom,twenty,95,33,31
custom,twenty,96,43,21
custom,twenty,97,35,29
custom,twenty,98,34,30
custom,twenty,99,47,17
custom,twenty,100,33,31
custom,twenty,616,48,16
custom,twenty,617,53,11
custom,twenty,618,39,25
custom,twenty,619,35,29
custom,twenty,620,43,21
custom,twenty,621,49,15
custom,twenty,622,22,42
custom,twenty,623,37,27
custom,twenty,624,40,24
custom,twenty,625,50,14
custom,twenty,626,46,18
custom,twenty,627,43,21
custom,twenty,628,42,22
custom,twenty,629,34,30
custom,twenty,630,41,23
custom,twenty,631,51,13
custom,twenty,632,34,30
custom,twenty,633,48,16
custom,twenty,634,46,18
custom,twenty,635,32,32
eva_my,normal,81,39,25
eva_my,normal,82,19,45
eva_my,normal,83,37,27
eva_my,normal,84,17,47
eva_my,normal,85,43,21
eva_my,normal,86,49,15
eva_my,normal,87,51,13
eva_my,normal,88,28,36
eva_my,normal,89,28,36
eva_my,normal,90,48,16
eva_my,normal,91,41,23
eva_my,normal,92,32,32
eva_my,normal,93,30,34
eva_my,normal,94,25,39
eva_my,normal,95,34,30
eva_my,normal,96,45,19
eva_my,normal,97,50,14
eva_my,normal,98,46,18
eva_my,normal,99,33,31
eva_my,normal,100,31,33
eva_my,normal,616,40,24
eva_my,normal,617,28,36
eva_my,normal,618,29,35
eva_my,normal,619,35,29
eva_my,normal,620,30,34
eva_my,normal,621,53,11
eva_my,normal,622,27,37
eva_my,normal,623,23,41
eva_my,normal,624,18,46
eva_my,normal,625,38,26
eva_my,normal,626,48,16
eva_my,normal,627,39,25
eva_my,normal,628,35,29
eva_my,normal,629,38,26
eva_my,normal,630,21,43
eva_my,normal,631,43,21
eva_my,normal,632,53,11
eva_my,normal,633,44,20
eva_my,normal,634,53,11
eva_my,normal,635,24,40
eva_my,custom,81,20,44
eva_my,custom,82,34,30
eva_my,custom,83,32,32
eva_my,custom,84,43,21
eva_my,custom,85,32,32
eva_my,custom,86,36,28
eva_my,custom,87,32,32
eva_my,custom,88,38,26
eva_my,custom,89,46,18
eva_my,custom,90,47,17
eva_my,custom,91,35,29
eva_my,custom,92,31,33
eva_my,custom,93,46,18
eva_my,custom,94,41,23
eva_my,custom,95,29,35
eva_my,custom,96,33,31
eva_my,custom,97,50,14
eva_my,custom,98,22,42
eva_my,custom,99,45,19
eva_my,custom,100,29,35
eva_my,custom,616,31,33
eva_my,custom,617,44,20
eva_my,custom,618,28,36
eva_my,custom,619,42,22
eva_my,custom,620,37,27
eva_my,custom,621,28,36
eva_my,custom,622,41,23
eva_my,custom,623,21,43
eva_my,custom,624,51,13
eva_my,custom,625,29,35
eva_my,custom,626,49,15
eva_my,custom,627,23,41
eva_my,custom,628,37,27
eva_my,custom,629,49,15
eva_my,custom,630,40,24
eva_my,custom,631,34,30
eva_my,custom,632,43,21
eva_my,custom,633,18,46
eva_my,custom,634,45,19
eva_my,custom,635,40,24
eva_my,eva_my,81,25,39
eva_my,eva_my,82,41,23
eva_my,eva_my,83,37,27
eva_my,eva_my,84,39,25
eva_my,eva_my,85,33,31
eva_my,eva_my,86,28,36
eva_my,eva_my,87,34,30
eva_my,eva_my,88,25,39
eva_my,eva_my,89,13,51
eva_my,eva_my,90,48,16
eva_my,eva_my,91,23,41
eva_my,eva_my,92,27,37
eva_my,eva_my,93,32,32
eva_my,eva_my,94,14,50
eva_my,eva_my,95,41,23
eva_my,eva_my,96,38,26
eva_my,eva_my,97,27,37
eva_my,eva_my,98,24,40
eva_my,eva_my,99,28,36
eva_my,eva_my,100,23,41
eva_my,eva_my,616,38,26
eva_my,eva_my,617,13,51
eva_my,eva_my,618,42,22
eva_my,eva_my,619,29,35
eva_my,eva_my,620,25,39
eva_my,eva_my,621,34,30
eva_my,eva_my,622,16,48
eva_my,eva_my,623,42,22
eva_my,eva_my,624,42,22
eva_my,eva_my,625,42,22
eva_my,eva_my,626,30,34
eva_my,eva_my,627,40,24
eva_my,eva_my,628,16,48
eva_my,eva_my,629,45,19
eva_my,eva_my,630,41,23
eva_my,eva_my,631,28,36
eva_my,eva_my,632,42,22
eva_my,eva_my,633,39,25
eva_my,eva_my,634,45,19
eva_my,eva_my,635,24,40
eva_my,corner,81,27,37
eva_my,corner,82,24,40
eva_my,corner,83,28,36
eva_my,corner,84,36,28
eva_my,corner,85,8,56
eva_my,corner,86,36,28
eva_my,corner,87,36,28
eva_my,corner,88,16,48
eva_my,corner,89,40,24
eva_my,corner,90,37,27
eva_my,corner,91,14,49
eva_my,corner,92,31,33
eva_my,corner,93,19,45
eva_my,corner,94,39,25
eva_my,corner,95,17,47
eva_my,corner,96,23,41
eva_my,corner,97,25,39
eva_my,corner,98,22,42
eva_my,corner,99,34,30
eva_my,corner,100,30,34
eva_my,corner,616,32,32
eva_my,corner,617,45,19
eva_my,corner,618,33,31
eva_my,corner,619,22,42
eva_my,corner,620,24,40
eva_my,corner,621,29,35
eva_my,corner,622,19,45
eva_my,corner,623,23,41
eva_my,corner,624,25,39
eva_my,corner,625,28,36
eva_my,corner,626,55,9
eva_my,corner,627,33,31
eva_my,corner,628,26,38
eva_my,corner,629,35,29
eva_my,corner,630,33,31
eva_my,corner,631,27,37
eva_my,corner,632,39,25
eva_my,corner,633,31,33
eva_my,corner,634,25,39
eva_my,corner,635,38,26
eva_my,box,81,26,38
eva_my,box,82,37,27
eva_my,box,83,46,18
eva_my,box,84,26,38
eva_my,box,85,43,21
eva_my,box,86,37,27
eva_my,box,87,28,36
eva_my,box,88,42,22
eva_my,box,89,53,11
eva_my,box,90,38,26
eva_my,box,91,49,15
eva_my,box,92,33,31
eva_my,box,93,28,36
eva_my,box,94,49,15
eva_my,box,95,30,34
eva_my,box,96,20,44
eva_my,box,97,28,36
eva_my,box,98,33,31
eva_my,box,99,24,40
eva_my,box,100,26,38
eva_my,box,616,19,45
eva_my,box,617,32,32
eva_my,box,618,48,16
eva_my,box,619,36,28
eva_my,box,620,38,26
eva_my,box,621,32,32
eva_my,box,622,36,28
eva_my,box,623,32,32
eva_my,box,624,30,34
eva_my,box,625,34,30
eva_my,box,626,41,23
eva_my,box,627,23,41
eva_my,box,628,41,23
eva_my,box,629,31,33
eva_my,box,630,30,34
eva_my,box,631,30,34
eva_my,box,632,31,33
eva_my,box,633,36,28
eva_my,box,634,42,22
eva_my,box,635,30,34
eva_my,box_corner,81,44,20
eva_my,box_corner,82,29,35
eva_my,box_corner,83,40,24
eva_my,box_corner,84,35,29
eva_my,box_corner,85,47,17
eva_my,box_corner,86,24,40
eva_my,box_corner,87,46,18
eva_my,box_corner,88,37,27
eva_my,box_corner,89,24,40
eva_my,box_corner,90,37,27
eva_my,box_corner,91,28,36
eva_my,box_corner,92,23,41
eva_my,box_corner,93,30,34
eva_my,box_corner,94,21,43
eva_my,box_corner,95,28,36
eva_my,box_corner,96,35,29
eva_my,box_corner,97,22,42
eva_my,box_corner,98,35,29
eva_my,box_corner,99,47,17
eva_my,box_corner,100,16,48
eva_my,box_corner,616,30,34
eva_my,box_corner,617,47,17
eva_my,box_corner,618,45,19
eva_my,box_corner,619,32,32
eva_my,box_corner,620,28,36
eva_my,box_corner,621,21,43
eva_my,box_corner,622,33,31
eva_my,box_corner,623,23,41
eva_my,box_corner,624,27,37
eva_my,box_corner,625,45,19
eva_my,box_corner,626,30,34
eva_my,box_corner,627,39,25
eva_my,box_corner,628,27,37
eva_my,box_corner,629,26,38
eva_my,box_corner,630,26,38
eva_my,box_corner,631,33,31
eva_my,box_corner,632,36,28
eva_my,box_corner,633,43,21
eva_my,box_corner,634,41,23
eva_my,box_corner,635,16,48
eva_my,weak,81,40,24
eva_my,weak,82,56,8
eva_my,weak,83,42,22
eva_my,weak,84,43,21
eva_my,weak,85,33,31
eva_my,weak,86,39,25
eva_my,weak,87,48,16
eva_my,weak,88,42,22
eva_my,weak,89,51,13
eva_my,weak,90,47,17
eva_my,weak,91,24,40
eva_my,weak,92,44,20
eva_my,weak,93,39,25
eva_my,weak,94,27,37
eva_my,weak,95,38,26
eva_my,weak,96,31,33
eva_my,weak,97,38,26
eva_my,weak,98,27,37
eva_my,weak,99,25,39
eva_my,weak,100,44,20
eva_my,weak,616,37,27
eva_my,weak,617,35,29
eva_my,weak,618,33,31
eva_my,weak,619,39,25
eva_my,weak,620,34,30
eva_my,weak,621,45,19
eva_my,weak,622,38,26
eva_my,weak,623,36,28
eva_my,weak,624,42,22
eva_my,weak,625,40,24
eva_my,weak,626,25,39
eva_my,weak,627,48,16
eva_my,weak,628,29,35
eva_my,weak,629,21,43
eva_my,weak,630,51,13
eva_my,weak,631,35,29
eva_my,weak,632,33,31
eva_my,weak,633,42,22
eva_my,weak,634,34,30
eva_my,weak,635,48,16
eva_my,fifteen,81,40,24
eva_my,fifteen,82,37,27
eva_my,fifteen,83,41,23
eva_my,fifteen,84,35,29
eva_my,fifteen,85,46,18
eva_my,fifteen,86,34,30
eva_my,fifteen,87,22,42
eva_my,fifteen,88,49,15
eva_my,fifteen,89,41,23
eva_my,fifteen,90,48,16
eva_my,fifteen,91,27,37
eva_my,fifteen,92,22,42
eva_my,fifteen,93,17,47
eva_my,fifteen,94,24,40
eva_my,fifteen,95,29,35
eva_my,fifteen,96,30,34
eva_my,fifteen,97,34,30
eva_my,fifteen,98,36,28
eva_my,fifteen,99,18,46
eva_my,fifteen,100,27,37
eva_my,fifteen,616,52,12
eva_my,fifteen,617,41,23
eva_my,fifteen,618,27,37
eva_my,fifteen,619,38,26
eva_my,fifteen,620,26,38
eva_my,fifteen,621,42,22
eva_my,fifteen,622,46,18
eva_my,fifteen,623,27,37
eva_my,fifteen,624,31,33
eva_my,fifteen,625,37,27
eva_my,fifteen,626,41,23
eva_my,fifteen,627,32,32
eva_my,fifteen,628,36,28
eva_my,fifteen,629,19,45
eva_my,fifteen,630,49,15
eva_my,fifteen,631,24,40
eva_my,fifteen,632,19,45
eva_my,fifteen,633,19,45
eva_my,fifteen,634,41,23
eva_my,fifteen,635,27,37
eva_my,seventeen,81,40,24
eva_my,seventeen,82,22,41
eva_my,seventeen,83,19,45
eva_my,seventeen,84,48,16
eva_my,seventeen,85,35,29
eva_my,seventeen,86,28,36
eva_my,seventeen,87,48,16
eva_my,seventeen,88,48,16
eva_my,seventeen,89,42,22
eva_my,seventeen,90,23,41
eva_my,seventeen,91,31,33
eva_my,seventeen,92,24,40
eva_my,seventeen,93,31,33
eva_my,seventeen,94,42,22
eva_my,seventeen,95,29,35
eva_my,seventeen,96,32,32
eva_my,seventeen,97,34,30
eva_my,seventeen,98,53,11
eva_my,seventeen,99,34,30
eva_my,seventeen,100,23,41
eva_my,seventeen,616,43,21
eva_my,seventeen,617,41,23
eva_my,seventeen,618,44,20
eva_my,seventeen,619,32,32
eva_my,seventeen,620,39,25
eva_my,seventeen,621,42,22
eva_my,seventeen,622,47,17
eva_my,seventeen,623,23,41
eva_my,seventeen,624,43,21
eva_my,seventeen,625,23,41
eva_my,seventeen,626,22,42
eva_my,seventeen,627,41,23
eva_my,seventeen,628,36,28
eva_my,seventeen,629,21,43
eva_my,seventeen,630,27,37
eva_my,seventeen,631,37,27
eva_my,seventeen,632,34,30
eva_my,seventeen,633,37,27
eva_my,seventeen,634,42,22
eva_my,seventeen,635,19,45
eva_my,twenty,81,40,24
eva_my,twenty,82,44,20
eva_my,twenty,83,15,48
eva_my,twenty,84,37,27
eva_my,twenty,85,33,31
eva_my,twenty,86,52,12
eva_my,twenty,87,40,24
eva_my,twenty,88,21,43
eva_my,twenty,89,35,29
eva_my,twenty,90,26,38
eva_my,twenty,91,21,43
eva_my,twenty,92,25,39
eva_my,twenty,93,37,27
eva_my,twenty,94,41,23
eva_my,twenty,95,43,21
eva_my,twenty,96,35,29
eva_my,twenty,97,40,24
eva_my,twenty,98,36,28
eva_my,twenty,99,40,24
eva_my,twenty,100,45,19
eva_my,twenty,616,44,20
eva_my,twenty,617,21,43
eva_my,twenty,618,21,43
eva_my,twenty,619,52,12
eva_my,twenty,620,40,24
eva_my,twenty,621,16,48
eva_my,twenty,622,37,27
eva_my,twenty,623,33,31
eva_my,twenty,624,30,34
eva_my,twenty,625,42,22
eva_my,twenty,626,52,12
eva_my,twenty,627,21,43
eva_my,twenty,628,37,27
eva_my,twenty,629,48,16
eva_my,twenty,630,7,56
eva_my,twenty,631,37,27
eva_my,twenty,632,52,12
eva_my,twenty,633,52,12
eva_my,twenty,634,47,17
eva_my,twenty,635,37,27
corner,normal,81,42,22
corner,normal,82,30,34
corner,normal,83,31,33
corner,normal,84,15,49
corner,normal,85,45,19
corner,normal,86,48,16
corner,normal,87,28,36
corner,normal,88,45,19
corner,normal,89,35,29
corner,normal,90,26,38
corner,normal,91,41,23
corner,normal,92,32,32
corner,normal,93,37,27
corner,normal,94,33,31
corner,normal,95,45,19
corner,normal,96,43,21
corner,normal,97,35,29
corner,normal,98,49,15
corner,normal,99,55,9
corner,normal,100,47,17
corner,normal,616,46,18
corner,normal,617,36,28
corner,normal,618,36,28
corner,normal,619,39,25
corner,normal,620,36,28
corner,normal,621,30,34
corner,normal,622,41,23
corner,normal,623,33,31
corner,normal,624,41,23
corner,normal,625,35,29
corner,normal,626,39,25
corner,normal,627,26,38
corner,normal,628,47,17
corner,normal,629,54,10
corner,normal,630,41,23
corner,normal,631,40,24
corner,normal,632,21,43
corner,normal,633,26,38
corner,normal,634,34,30
corner,normal,635,41,23
corner,custom,81,44,20
corner,custom,82,40,24
corner,custom,83,40,24
corner,custom,84,26,38
corner,custom,85,27,37
corner,custom,86,41,23
corner,custom,87,38,26
corner,custom,88,50,14
corner,custom,89,33,31
corner,custom,90,48,16
corner,custom,91,45,19
corner,custom,92,45,19
corner,custom,93,49,15
corner,custom,94,45,19
corner,custom,95,45,19
corner,custom,96,33,31
corner,custom,97,41,23
corner,custom,98,28,36
corner,custom,99,49,15
corner,custom,100,34,30
corner,custom,616,38,26
corner,custom,617,32,32
corner,custom,618,54,10
corner,custom,619,32,32
corner,custom,620,49,15
corner,custom,621,25,39
corner,custom,622,39,25
corner,custom,623,44,20
corner,custom,624,35,29
corner,custom,625,27,37
corner,custom,626,28,36
corner,custom,627,29,35
corner,custom,628,32,32
corner,custom,629,43,21
corner,custom,630,42,22
corner,custom,631,40,24
corner,custom,632,29,35
corner,custom,633,30,34
corner,custom,634,42,22
corner,custom,635,46,18
corner,eva_my,81,27,37
corner,eva_my,82,44,20
corner,eva_my,83,43,21
corner,eva_my,84,32,32
corner,eva_my,85,34,30
corner,eva_my,86,38,26
corner,eva_my,87,18,46
corner,eva_my,88,30,34
corner,eva_my,89,36,28
corner,eva_my,90,24,40
corner,eva_my,91,35,29
corner,eva_my,92,42,22
corner,eva_my,93,43,21
corner,eva_my,94,31,33
corner,eva_my,95,38,26
corner,eva_my,96,31,33
corner,eva_my,97,21,43
corner,eva_my,98,44,20
corner,eva_my,99,27,37
corner,eva_my,100,24,40
corner,eva_my,616,32,32
corner,eva_my,617,53,11
corner,eva_my,618,38,26
corner,eva_my,619,25,39
corner,eva_my,620,51,12
corner,eva_my,621,45,19
corner,eva_my,622,26,38
corner,eva_my,623,28,36
corner,eva_my,624,42,22
corner,eva_my,625,35,29
corner,eva_my,626,36,28
corner,eva_my,627,28,36
corner,eva_my,628,23,41
corner,eva_my,629,28,36
corner,eva_my,630,39,25
corner,eva_my,631,28,36
corner,eva_my,632,26,38
corner,eva_my,633,46,18
corner,eva_my,634,39,25
corner,eva_my,635,33,31
corner,corner,81,47,17
corner,corner,82,34,30
corner,corner,83,46,18
corner,corner,84,39,25
corner,corner,85,15,49
corner,corner,86,48,16
corner,corner,87,7,57
corner,corner,88,37,27
corner,corner,89,39,25
corner,corner,90,31,33
corner,corner,91,15,48
corner,corner,92,34,30
corner,corner,93,41,23
corner,corner,94,41,23
corner,corner,95,40,24
corner,corner,96,41,23
corner,corner,97,21,43
corner,corner,98,20,44
corner,corner,99,40,24
corner,corner,100,37,27
corner,corner,616,41,23
corner,corner,617,28,36
corner,corner,618,35,29
corner,corner,619,36,28
corner,corner,620,36,28
corner,corner,621,40,24
corner,corner,622,38,26
corner,corner,623,39,25
corner,corner,624,36,28
corner,corner,625,15,49
corner,corner,626,46,18
corner,corner,627,40,24
corner,corner,628,35,29
corner,corner,629,23,41
corner,corner,630,29,35
corner,corner,631,30,34
corner,corner,632,27,37
corner,corner,633,19,45
corner,corner,634,36,28
corner,corner,635,32,32
corner,box,81,34,30
corner,box,82,42,22
corner,box,83,40,24
corner,box,84,59,5
corner,box,85,45,19
corner,box,86,39,25
corner,box,87,32,32
corner,box,88,36,28
corner,box,89,37,27
corner,box,90,29,35
corner,box,91,48,16
corner,box,92,21,43
corner,box,93,41,23
corner,box,94,31,33
corner,box,95,34,30
corner,box,96,36,28
corner,box,97,48,16
corner,box,98,20,44
corner,box,99,34,30
corner,box,100,46,17
corner,box,616,41,23
corner,box,617,42,22
corner,box,618,36,28
corner,box,619,40,24
corner,box,620,49,15
corner,box,621,33,31
corner,box,622,35,29
corner,box,623,44,20
corner,box,624,43,21
corner,box,625,30,34
corner,box,626,33,31
corner,box,627,42,22
corner,box,628,35,29
corner,box,629,24,40
corner,box,630,40,24
corner,box,631,42,22
corner,box,632,46,18
corner,box,633,40,24
corner,box,634,32,32
corner,box,635,32,32
corner,box_corner,81,27,37
corner,box_corner,82,30,34
corner,box_corner,83,36,28
corner,box_corner,84,54,10
corner,box_corner,85,36,28
corner,box_corner,86,21,43
corner,box_corner,87,38,26
corner,box_corner,88,37,27
corner,box_corner,89,21,43
corner,box_corner,90,21,43
corner,box_corner,91,53,11
corner,box_corner,92,41,23
corner,box_corner,93,45,19
corner,box_corner,94,32,32
corner,box_corner,95,38,26
corner,box_corner,96,22,42
corner,box_corner,97,30,34
corner,box_corner,98,41,23
corner,box_corner,99,37,27
corner,box_corner,100,26,38
corner,box_corner,616,25,39
corner,box_corner,617,21,43
corner,box_corner,618,42,22
corner,box_corner,619,33,31
corner,box_corner,620,48,16
corner,box_corner,621,46,18
corner,box_corner,622,35,29
corner,box_corner,623,25,39
corner,box_corner,624,45,19
corner,box_corner,625,24,40
corner,box_corner,626,38,26
corner,box_corner,627,41,23
corner,box_corner,628,37,27
corner,box_corner,629,21,43
corner,box_corner,630,26,38
corner,box_corner,631,26,38
corner,box_corner,632,21,43
corner,box_corner,633,32,32
corner,box_corner,634,41,23
corner,box_corner,635,36,28
corner,weak,81,51,13
corner,weak,82,51,13
corner,weak,83,38,26
corner,weak,84,31,33
corner,weak,85,41,23
corner,weak,86,45,19
corner,weak,87,51,13
corner,weak,88,40,24
corner,weak,89,48,16
corner,weak,90,43,21
corner,weak,91,47,17
corner,weak,92,44,20
corner,weak,93,41,23
corner,weak,94,35,29
corner,weak,95,30,34
corner,weak,96,53,11
corner,weak,97,32,32
corner,weak,98,35,29
corner,weak,99,27,37
corner,weak,100,46,18
corner,weak,616,47,17
corner,weak,617,25,39
corner,weak,618,44,20
corner,weak,619,42,22
corner,weak,620,38,26
corner,weak,621,32,32
corner,weak,622,45,19
corner,weak,623,51,13
corner,weak,624,42,22
corner,weak,625,41,23
corner,weak,626,40,24
corner,weak,627,30,34
corner,weak,628,41,23
corner,weak,629,39,25
corner,weak,630,35,29
corner,weak,631,51,13
corner,weak,632,46,18
corner,weak,633,40,24
corner,weak,634,47,17
corner,weak,635,40,24
corner,fifteen,81,26,38
corner,fifteen,82,47,17
corner,fifteen,83,47,17
corner,fifteen,84,44,20
corner,fifteen,85,31,33
corner,fifteen,86,45,19
corner,fifteen,87,37,27
corner,fifteen,88,45,19
corner,fifteen,89,26,38
corner,fifteen,90,37,27
corner,fifteen,91,29,35
corner,fifteen,92,40,24
corner,fifteen,93,48,16
corner,fifteen,94,49,15
corner,fifteen,95,48,16
corner,fifteen,96,55,9
corner,fifteen,97,48,16
corner,fifteen,98,46,18
corner,fifteen,99,48,16
corner,fifteen,100,18,46
corner,fifteen,616,52,12
corner,fifteen,617,49,15
corner,fifteen,618,36,28
corner,fifteen,619,22,42
corner,fifteen,620,31,33
corner,fifteen,621,40,24
corner,fifteen,622,31,33
corner,fifteen,623,38,26
corner,fifteen,624,35,29
corner,fifteen,625,41,23
corner,fifteen,626,42,22
corner,fifteen,627,51,13
corner,fifteen,628,29,35
corner,fifteen,629,49,15
corner,fifteen,630,31,33
corner,fifteen,631,49,15
corner,fifteen,632,48,16
corner,fifteen,633,48,16
corner,fifteen,634,29,35
corner,fifteen,635,42,22
corner,seventeen,81,42,22
corner,seventeen,82,26,38
corner,seventeen,83,22,42
corner,seventeen,84,25,39
corner,seventeen,85,46,18
corner,seventeen,86,40,24
corner,seventeen,87,42,22
corner,seventeen,88,32,32
corner,seventeen,89,45,19
corner,seventeen,90,44,20
corner,seventeen,91,32,32
corner,seventeen,92,40,24
corner,seventeen,93,42,22
corner,seventeen,94,29,35
corner,seventeen,95,40,24
corner,seventeen,96,31,33
corner,seventeen,97,38,26
corner,seventeen,98,29,35
corner,seventeen,99,42,22
corner,seventeen,100,44,20
corner,seventeen,616,41,23
corner,seventeen,617,36,28
corner,seventeen,618,44,20
corner,seventeen,619,40,24
corner,seventeen,620,48,16
corner,seventeen,621,41,23
corner,seventeen,622,52,12
corner,seventeen,623,39,25
corner,seventeen,624,29,35
corner,seventeen,625,39,25
corner,seventeen,626,45,19
corner,seventeen,627,45,19
corner,seventeen,628,37,27
corner,seventeen,629,38,26
corner,seventeen,630,38,26
corner,seventeen,631,38,26
corner,seventeen,632,33,31
corner,seventeen,633,34,30
corner,seventeen,634,46,18
corner,seventeen,635,44,20
corner,twenty,81,30,34
corner,twenty,82,33,31
corner,twenty,83,27,37
corner,twenty,84,25,39
corner,twenty,85,44,20
corner,twenty,86,37,27
corner,twenty,87,41,23
corner,twenty,88,43,21
corner,twenty,89,35,29
corner,twenty,90,33,31
corner,twenty,91,39,25
corner,twenty,92,46,18
corner,twenty,93,40,24
corner,twenty,94,47,17
corner,twenty,95,48,16
corner,twenty,96,42,22
corner,twenty,97,10,53
corner,twenty,98,43,21
corner,twenty,99,48,16
corner,twenty,100,32,32
corner,twenty,616,34,30
corner,twenty,617,35,29
corner,twenty,618,46,18
corner,twenty,619,10,53
corner,twenty,620,26,38
corner,twenty,621,26,38
corner,twenty,622,38,26
corner,twenty,623,52,12
corner,twenty,624,39,25
corner,twenty,625,34,30
corner,twenty,626,24,40
corner,twenty,627,31,33
corner,twenty,628,41,23
corner,twenty,629,35,29
corner,twenty,630,40,24
corner,twenty,631,30,34
corner,twenty,632,24,40
corner,twenty,633,46,18
corner,twenty,634,30,34
corner,twenty,635,36,28
box,normal,81,32,32
box,normal,82,33,31
box,normal,83,30,34
box,normal,84,45,19
box,normal,85,37,27
box,normal,86,50,14
box,normal,87,41,23
box,normal,88,18,46
box,normal,89,44,20
box,normal,90,46,18
box,normal,91,42,22
box,normal,92,31,33
box,normal,93,25,39
box,normal,94,25,39
box,normal,95,35,29
box,normal,96,45,19
box,normal,97,27,37
box,normal,98,26,38
box,normal,99,42,22
box,normal,100,32,32
box,normal,616,22,42
box,normal,617,19,45
box,normal,618,41,23
box,normal,619,44,20
box,normal,620,29,35
box,normal,621,34,30
box,normal,622,30,34
box,normal,623,36,28
box,normal,624,47,17
box,normal,625,40,24
box,normal,626,33,31
box,normal,627,45,19
box,normal,628,39,25
box,normal,629,32,32
box,normal,630,43,21
box,normal,631,39,25
box,normal,632,31,33
box,normal,633,30,34
box,normal,634,52,12
box,normal,635,49,15
box,custom,81,40,24
box,custom,82,26,38
box,custom,83,35,29
box,custom,84,34,30
box,custom,85,21,43
box,custom,86,41,23
box,custom,87,34,30
box,custom,88,36,28
box,custom,89,35,29
box,custom,90,40,24
box,custom,91,33,31
box,custom,92,30,34
box,custom,93,38,26
box,custom,94,35,29
box,custom,95,35,29
box,custom,96,32,32
box,custom,97,39,25
box,custom,98,32,32
box,custom,99,54,10
box,custom,100,26,38
box,custom,616,18,46
box,custom,617,33,31
box,custom,618,26,38
box,custom,619,39,25
box,custom,620,25,39
box,custom,621,44,20
box,custom,622,40,24
box,custom,623,34,30
box,custom,624,48,16
box,custom,625,36,28
box,custom,626,43,21
box,custom,627,36,28
box,custom,628,42,22
box,custom,629,32,32
box,custom,630,31,33
box,custom,631,37,27
box,custom,632,47,17
box,custom,633,40,24
box,custom,634,24,40
box,custom,635,32,32
box,eva_my,81,31,33
box,eva_my,82,21,43
box,eva_my,83,37,27
box,eva_my,84,32,32
box,eva_my,85,26,38
box,eva_my,86,23,41
box,eva_my,87,18,46
box,eva_my,88,26,38
box,eva_my,89,34,30
box,eva_my,90,16,48
box,eva_my,91,27,37
box,eva_my,92,21,43
box,eva_my,93,17,47
box,eva_my,94,36,28
box,eva_my,95,33,31
box,eva_my,96,26,38
box,eva_my,97,32,32
box,eva_my,98,24,40
box,eva_my,99,25,39
box,eva_my,100,43,21
box,eva_my,616,19,45
box,eva_my,617,23,41
box,eva_my,618,31,33
box,eva_my,619,22,42
box,eva_my,620,27,37
box,eva_my,621,27,37
box,eva_my,622,26,38
box,eva_my,623,18,46
box,eva_my,624,38,26
box,eva_my,625,27,37
box,eva_my,626,22,42
box,eva_my,627,39,25
box,eva_my,628,16,48
box,eva_my,629,32,32
box,eva_my,630,19,45
box,eva_my,631,24,40
box,eva_my,632,36,28
box,eva_my,633,29,35
box,eva_my,634,32,32
box,eva_my,635,15,49
box,corner,81,49,15
box,corner,82,18,46
box,corner,83,26,38
box,corner,84,34,30
box,corner,85,35,29
box,corner,86,23,41
box,corner,87,27,37
box,corner,88,22,42
box,corner,89,25,39
box,corner,90,18,46
box,corner,91,28,36
box,corner,92,22,42
box,corner,93,42,22
box,corner,94,44,20
box,corner,95,16,48
box,corner,96,39,25
box,corner,97,41,23
box,corner,98,17,47
box,corner,99,18,46
box,corner,100,17,47
box,corner,616,27,37
box,corner,617,16,48
box,corner,618,20,44
box,corner,619,14,50
box,corner,620,15,49
box,corner,621,27,37
box,corner,622,18,46
box,corner,623,31,33
box,corner,624,35,29
box,corner,625,18,46
box,corner,626,30,34
box,corner,627,23,41
box,corner,628,41,23
box,corner,629,32,32
box,corner,630,29,34
box,corner,631,40,24
box,corner,632,17,47
box,corner,633,16,48
box,corner,634,34,30
box,corner,635,38,26
box,box,81,44,20
box,box,82,39,25
box,box,83,33,31
box,box,84,12,52
box,box,85,32,32
box,box,86,46,18
box,box,87,38,26
box,box,88,8,21
box,box,89,31,33
box,box,90,36,28
box,box,91,17,47
box,box,92,24,40
box,box,93,35,29
box,box,94,29,35
box,box,95,31,33
box,box,96,36,28
box,box,97,27,37
box,box,98,21,43
box,box,99,30,34
box,box,100,36,28
box,box,616,26,38
box,box,617,47,17
box,box,618,29,35
box,box,619,30,34
box,box,620,45,19
box,box,621,35,29
box,box,622,32,32
box,box,623,45,19
box,box,624,18,46
box,box,625,29,35
box,box,626,20,44
box,box,627,30,34
box,box,628,29,35
box,box,629,30,34
box,box,630,51,13
box,box,631,37,27
box,box,632,31,33
box,box,633,8,21
box,box,634,25,39
box,box,635,32,32
box,box_corner,81,40,24
box,box_corner,82,22,42
box,box_corner,83,21,8
box,box_corner,84,22,42
box,box_corner,85,32,32
box,box_corner,86,36,28
box,box_corner,87,33,31
box,box_corner,88,29,35
box,box_corner,89,33,31
box,box_corner,90,29,35
box,box_corner,91,29,35
box,box_corner,92,34,30
box,box_corner,93,27,37
box,box_corner,94,25,39
box,box_corner,95,35,29
box,box_corner,96,43,21
box,box_corner,97,20,44
box,box_corner,98,36,28
box,box_corner,99,46,18
box,box_corner,100,36,28
box,box_corner,616,25,39
box,box_corner,617,24,40
box,box_corner,618,22,42
box,box_corner,619,34,30
box,box_corner,620,25,39
box,box_corner,621,33,31
box,box_corner,622,24,40
box,box_corner,623,27,37
box,box_corner,624,26,38
box,box_corner,625,24,40
box,box_corner,626,21,8
box,box_corner,627,44,20
box,box_corner,628,25,39
box,box_corner,629,23,41
box,box_corner,630,34,30
box,box_corner,631,21,43
box,box_corner,632,23,41
box,box_corner,633,39,25
box,box_corner,634,35,29
box,box_corner,635,26,38
box,weak,81,32,32
box,weak,82,30,34
box,weak,83,44,20
box,weak,84,43,21
box,weak,85,46,18
box,weak,86,44,20
box,weak,87,40,24
box,weak,88,49,15
box,weak,89,35,29
box,weak,90,43,21
box,weak,91,37,27
box,weak,92,39,25
box,weak,93,50,14
box,weak,94,38,26
box,weak,95,42,22
box,weak,96,53,11
box,weak,97,50,14
box,weak,98,36,28
box,weak,99,33,31
box,weak,100,35,29
box,weak,616,36,28
box,weak,617,41,23
box,weak,618,19,45
box,weak,619,52,12
box,weak,620,30,34
box,weak,621,35,29
box,weak,622,35,29
box,weak,623,38,26
box,weak,624,25,39
box,weak,625,29,35
box,weak,626,47,17
box,weak,627,38,26
box,weak,628,34,30
box,weak,629,43,21
box,weak,630,39,25
box,weak,631,44,20
box,weak,632,42,22
box,weak,633,29,35
box,weak,634,20,44
box,weak,635,42,22
box,fifteen,81,34,30
box,fifteen,82,29,35
box,fifteen,83,28,36
box,fifteen,84,34,30
box,fifteen,85,26,38
box,fifteen,86,36,28
box,fifteen,87,38,26
box,fifteen,88,26,38
box,fifteen,89,38,26
box,fifteen,90,36,28
box,fifteen,91,22,42
box,fifteen,92,42,22
box,fifteen,93,22,42
box,fifteen,94,38,26
box,fifteen,95,25,39
box,fifteen,96,25,39
box,fifteen,97,25,39
box,fifteen,98,43,21
box,fifteen,99,34,30
box,fifteen,100,43,21
box,fifteen,616,32,32
box,fifteen,617,31,33
box,fifteen,618,33,31
box,fifteen,619,36,28
box,fifteen,620,29,35
box,fifteen,621,19,45
box,fifteen,622,38,26
box,fifteen,623,33,31
box,fifteen,624,35,29
box,fifteen,625,48,16
box,fifteen,626,39,25
box,fifteen,627,36,28
box,fifteen,628,17,47
box,fifteen,629,27,37
box,fifteen,630,29,35
box,fifteen,631,36,28
box,fifteen,632,17,47
box,fifteen,633,25,39
box,fifteen,634,17,47
box,fifteen,635,26,38
box,seventeen,81,20,44
box,seventeen,82,27,37
box,seventeen,83,36,28
box,seventeen,84,34,30
box,seventeen,85,36,28
box,seventeen,86,40,24
box,seventeen,87,37,27
box,seventeen,88,15,49
box,seventeen,89,51,13
box,seventeen,90,37,27
box,seventeen,91,36,28
box,seventeen,92,37,27
box,seventeen,93,43,21
box,seventeen,94,27,37
box,seventeen,95,30,34
box,seventeen,96,26,38
box,seventeen,97,23,41
box,seventeen,98,34,30
box,seventeen,99,40,24
box,seventeen,100,29,35
box,seventeen,616,20,44
box,seventeen,617,29,35
box,seventeen,618,43,21
box,seventeen,619,52,12
box,seventeen,620,31,33
box,seventeen,621,27,37
box,seventeen,622,40,24
box,seventeen,623,37,27
box,seventeen,624,36,28
box,seventeen,625,43,21
box,seventeen,626,26,38
box,seventeen,627,42,22
box,seventeen,628,45,19
box,seventeen,629,36,28
box,seventeen,630,37,27
box,seventeen,631,21,43
box,seventeen,632,39,25
box,seventeen,633,43,21
box,seventeen,634,37,27
box,seventeen,635,28,36
box,twenty,81,42,22
box,twenty,82,38,26
box,twenty,83,41,23
box,twenty,84,35,29
box,twenty,85,47,17
box,twenty,86,26,38
box,twenty,87,27,37
box,twenty,88,27,37
box,twenty,89,31,33
box,twenty,90,32,32
box,twenty,91,42,22
box,twenty,92,46,18
box,twenty,93,29,35
box,twenty,94,41,23
box,twenty,95,32,32
box,twenty,96,47,17
box,twenty,97,30,34
box,twenty,98,39,25
box,twenty,99,39,25
box,twenty,100,30,34
box,twenty,616,46,18
box,twenty,617,41,23
box,twenty,618,27,37
box,twenty,619,46,18
box,twenty,620,42,22
box,twenty,621,39,25
box,twenty,622,36,28
box,twenty,623,39,25
box,twenty,624,30,34
box,twenty,625,39,25
box,twenty,626,47,17
box,twenty,627,35,29
box,twenty,628,30,34
box,twenty,629,44,20
box,twenty,630,36,28
box,twenty,631,52,12
box,twenty,632,30,34
box,twenty,633,44,20
box,twenty,634,36,28
box,twenty,635,30,34
box_corner,normal,81,29,35
box_corner,normal,82,41,23
box_corner,normal,83,31,33
box_corner,normal,84,45,19
box_corner,normal,85,45,19
box_corner,normal,86,40,24
box_corner,normal,87,31,33
box_corner,normal,88,25,39
box_corner,normal,89,28,36
box_corner,normal,90,46,18
box_corner,normal,91,32,32
box_corner,normal,92,20,44
box_corner,normal,93,27,37
box_corner,normal,94,37,27
box_corner,normal,95,28,36
box_corner,normal,96,46,18
box_corner,normal,97,32,32
box_corner,normal,98,44,20
box_corner,normal,99,40,24
box_corner,normal,100,39,25
box_corner,normal,616,32,32
box_corner,normal,617,49,15
box_corner,normal,618,27,37
box_corner,normal,619,30,34
box_corner,normal,620,24,40
box_corner,normal,621,36,28
box_corner,normal,622,39,25
box_corner,normal,623,36,28
box_corner,normal,624,32,32
box_corner,normal,625,35,29
box_corner,normal,626,42,22
box_corner,normal,627,37,27
box_corner,normal,628,42,22
box_corner,normal,629,42,22
box_corner,normal,630,35,29
box_corner,normal,631,44,20
box_corner,normal,632,43,21
box_corner,normal,633,32,32
box_corner,normal,634,25,39
box_corner,normal,635,27,37
box_corner,custom,81,45,19
box_corner,custom,82,39,25
box_corner,custom,83,23,41
box_corner,custom,84,25,39
box_corner,custom,85,49,15
box_corner,custom,86,23,41
box_corner,custom,87,37,27
box_corner,custom,88,37,27
box_corner,custom,89,24,40
box_corner,custom,90,37,27
box_corner,custom,91,47,17
box_corner,custom,92,33,31
box_corner,custom,93,45,19
box_corner,custom,94,43,21
box_corner,custom,95,38,26
box_corner,custom,96,44,20
box_corner,custom,97,39,25
box_corner,custom,98,33,31
box_corner,custom,99,30,34
box_corner,custom,100,30,34
box_corner,custom,616,21,43
box_corner,custom,617,48,16
box_corner,custom,618,38,26
box_corner,custom,619,37,27
box_corner,custom,620,47,17
box_corner,custom,621,43,21
box_corner,custom,622,49,15
box_corner,custom,623,39,25
box_corner,custom,624,30,34
box_corner,custom,625,38,26
box_corner,custom,626,38,26
box_corner,custom,627,35,29
box_corner,custom,628,32,32
box_corner,custom,629,57,7
box_corner,custom,630,21,43
box_corner,custom,631,36,28
box_corner,custom,632,24,40
box_corner,custom,633,47,17
box_corner,custom,634,48,16
box_corner,custom,635,50,14
box_corner,eva_my,81,34,30
box_corner,eva_my,82,32,32
box_corner,eva_my,83,37,27
box_corner,eva_my,84,38,26
box_corner,eva_my,85,29,35
box_corner,eva_my,86,35,29
box_corner,eva_my,87,22,42
box_corner,eva_my,88,35,29
box_corner,eva_my,89,34,30
box_corner,eva_my,90,24,40
box_corner,eva_my,91,30,34
box_corner,eva_my,92,31,33
box_corner,eva_my,93,26,38
box_corner,eva_my,94,24,40
box_corner,eva_my,95,39,25
box_corner,eva_my,96,24,40
box_corner,eva_my,97,35,29
box_corner,eva_my,98,25,39
box_corner,eva_my,99,43,21
box_corner,eva_my,100,40,24
box_corner,eva_my,616,22,42
box_corner,eva_my,617,31,33
box_corner,eva_my,618,28,36
box_corner,eva_my,619,16,48
box_corner,eva_my,620,20,44
box_corner,eva_my,621,17,47
box_corner,eva_my,622,37,27
box_corner,eva_my,623,46,18
box_corner,eva_my,624,28,36
box_corner,eva_my,625,39,25
box_corner,eva_my,626,29,35
box_corner,eva_my,627,24,40
box_corner,eva_my,628,27,37
box_corner,eva_my,629,42,22
box_corner,eva_my,630,32,32
box_corner,eva_my,631,37,27
box_corner,eva_my,632,42,22
box_corner,eva_my,633,32,32
box_corner,eva_my,634,28,36
box_corner,eva_my,635,25,39
box_corner,corner,81,38,26
box_corner,corner,82,20,44
box_corner,corner,83,27,37
box_corner,corner,84,27,37
box_corner,corner,85,14,50
box_corner,corner,86,37,27
box_corner,corner,87,28,36
box_corner,corner,88,29,35
box_corner,corner,89,25,39
box_corner,corner,90,19,45
box_corner,corner,91,19,45
box_corner,corner,92,34,30
box_corner,corner,93,29,35
box_corner,corner,94,29,35
box_corner,corner,95,29,35
box_corner,corner,96,39,25
box_corner,corner,97,40,24
box_corner,corner,98,39,25
box_corner,corner,99,30,34
box_corner,corner,100,35,29
box_corner,corner,616,17,47
box_corner,corner,617,33,31
box_corner,corner,618,31,33
box_corner,corner,619,16,48
box_corner,corner,620,35,29
box_corner,corner,621,31,33
box_corner,corner,622,14,50
box_corner,corner,623,24,40
box_corner,corner,624,37,27
box_corner,corner,625,26,38
box_corner,corner,626,26,38
box_corner,corner,627,27,37
box_corner,corner,628,17,47
box_corner,corner,629,39,25
box_corner,corner,630,16,48
box_corner,corner,631,39,25
box_corner,corner,632,34,30
box_corner,corner,633,29,35
box_corner,corner,634,28,36
box_corner,corner,635,31,33
box_corner,box,81,40,24
box_corner,box,82,18,46
box_corner,box,83,21,8
box_corner,box,84,36,28
box_corner,box,85,31,33
box_corner,box,86,31,33
box_corner,box,87,36,28
box_corner,box,88,8,21
box_corner,box,89,24,40
box_corner,box,90,23,41
box_corner,box,91,50,14
box_corner,box,92,52,12
box_corner,box,93,52,12
box_corner,box,94,31,33
box_corner,box,95,41,23
box_corner,box,96,24,40
box_corner,box,97,45,19
box_corner,box,98,39,25
box_corner,box,99,36,28
box_corner,box,100,38,26
box_corner,box,616,19,45
box_corner,box,617,21,43
box_corner,box,618,25,39
box_corner,box,619,27,37
box_corner,box,620,21,8
box_corner,box,621,27,37
box_corner,box,622,31,33
box_corner,box,623,36,28
box_corner,box,624,27,37
box_corner,box,625,52,12
box_corner,box,626,28,36
box_corner,box,627,16,48
box_corner,box,628,43,21
box_corner,box,629,44,20
box_corner,box,630,27,37
box_corner,box,631,39,25
box_corner,box,632,31,33
box_corner,box,633,22,42
box_corner,box,634,31,33
box_corner,box,635,35,29
box_corner,box_corner,81,37,27
box_corner,box_corner,82,15,49
box_corner,box_corner,83,21,8
box_corner,box_corner,84,26,38
box_corner,box_corner,85,23,41
box_corner,box_corner,86,15,49
box_corner,box_corner,87,25,39
box_corner,box_corner,88,25,39
box_corner,box_corner,89,18,46
box_corner,box_corner,90,25,39
box_corner,box_corner,91,24,40
box_corner,box_corner,92,41,23
box_corner,box_corner,93,39,25
box_corner,box_corner,94,19,45
box_corner,box_corner,95,35,29
box_corner,box_corner,96,19,45
box_corner,box_corner,97,46,18
box_corner,box_corner,98,19,45
box_corner,box_corner,99,42,22
box_corner,box_corner,100,32,32
box_corner,box_corner,616,17,47
box_corner,box_corner,617,29,35
box_corner,box_corner,618,24,40
box_corner,box_corner,619,32,32
box_corner,box_corner,620,35,29
box_corner,box_corner,621,29,35
box_corner,box_corner,622,30,34
box_corner,box_corner,623,26,38
box_corner,box_corner,624,29,35
box_corner,box_corner,625,34,30
box_corner,box_corner,626,37,27
box_corner,box_corner,627,43,21
box_corner,box_corner,628,37,27
box_corner,box_corner,629,19,45
box_corner,box_corner,630,33,31
box_corner,box_corner,631,30,34
box_corner,box_corner,632,35,29
box_corner,box_corner,633,19,45
box_corner,box_corner,634,40,24
box_corner,box_corner,635,18,46
box_corner,weak,81,37,27
box_corner,weak,82,39,25
box_corner,weak,83,41,23
box_corner,weak,84,33,31
box_corner,weak,85,29,35
box_corner,weak,86,40,24
box_corner,weak,87,46,18
box_corner,weak,88,39,25
box_corner,weak,89,41,23
box_corner,weak,90,40,24
box_corner,weak,91,27,37
box_corner,weak,92,45,19
box_corner,weak,93,35,29
box_corner,weak,94,35,29
box_corner,weak,95,52,12
box_corner,weak,96,52,12
box_corner,weak,97,41,23
box_corner,weak,98,40,24
box_corner,weak,99,45,19
box_corner,weak,100,42,22
box_corner,weak,616,40,24
box_corner,weak,617,28,36
box_corner,weak,618,33,31
box_corner,weak,619,39,25
box_corner,weak,620,43,21
box_corner,weak,621,48,16
box_corner,weak,622,39,25
box_corner,weak,623,21,43
box_corner,weak,624,42,22
box_corner,weak,625,58,6
box_corner,weak,626,39,25
box_corner,weak,627,48,16
box_corner,weak,628,47,17
box_corner,weak,629,41,23
box_corner,weak,630,27,37
box_corner,weak,631,40,24
box_corner,weak,632,50,14
box_corner,weak,633,49,15
box_corner,weak,634,35,29
box_corner,weak,635,44,20
box_corner,fifteen,81,33,31
box_corner,fifteen,82,44,20
box_corner,fifteen,83,26,38
box_corner,fifteen,84,39,25
box_corner,fifteen,85,25,39
box_corner,fifteen,86,46,18
box_corner,fifteen,87,36,28
box_corner,fifteen,88,38,26
box_corner,fifteen,89,39,25
box_corner,fifteen,90,24,40
box_corner,fifteen,91,24,40
box_corner,fifteen,92,46,18
box_corner,fifteen,93,49,15
box_corner,fifteen,94,26,38
box_corner,fifteen,95,23,41
box_corner,fifteen,96,39,25
box_corner,fifteen,97,30,34
box_corner,fifteen,98,35,29
box_corner,fifteen,99,36,28
box_corner,fifteen,100,30,34
box_corner,fifteen,616,23,41
box_corner,fifteen,617,30,34
box_corner,fifteen,618,25,39
box_corner,fifteen,619,34,30
box_corner,fifteen,620,26,38
box_corner,fifteen,621,46,18
box_corner,fifteen,622,45,19
box_corner,fifteen,623,23,41
box_corner,fifteen,624,26,38
box_corner,fifteen,625,20,44
box_corner,fifteen,626,35,29
box_corner,fifteen,627,30,34
box_corner,fifteen,628,36,28
box_corner,fifteen,629,30,34
box_corner,fifteen,630,23,41
box_corner,fifteen,631,39,25
box_corner,fifteen,632,30,34
box_corner,fifteen,633,35,29
box_corner,fifteen,634,36,28
box_corner,fifteen,635,30,34
box_corner,seventeen,81,27,37
box_corner,seventeen,82,30,34
box_corner,seventeen,83,37,27
box_corner,seventeen,84,40,24
box_corner,seventeen,85,34,30
box_corner,seventeen,86,32,32
box_corner,seventeen,87,38,26
box_corner,seventeen,88,40,24
box_corner,seventeen,89,31,33
box_corner,seventeen,90,31,33
box_corner,seventeen,91,42,22
box_corner,seventeen,92,33,31
box_corner,seventeen,93,45,19
box_corner,seventeen,94,42,22
box_corner,seventeen,95,51,13
box_corner,seventeen,96,45,19
box_corner,seventeen,97,49,15
box_corner,seventeen,98,40,24
box_corner,seventeen,99,28,36
box_corner,seventeen,100,51,13
box_corner,seventeen,616,41,23
box_corner,seventeen,617,38,26
box_corner,seventeen,618,43,21
box_corner,seventeen,619,46,18
box_corner,seventeen,620,32,32
box_corner,seventeen,621,32,32
box_corner,seventeen,622,24,40
box_corner,seventeen,623,47,17
box_corner,seventeen,624,43,21
box_corner,seventeen,625,20,44
box_corner,seventeen,626,34,30
box_corner,seventeen,627,41,23
box_corner,seventeen,628,32,32
box_corner,seventeen,629,37,27
box_corner,seventeen,630,29,35
box_corner,seventeen,631,46,18
box_corner,seventeen,632,49,15
box_corner,seventeen,633,24,40
box_corner,seventeen,634,31,33
box_corner,seventeen,635,40,24
box_corner,twenty,81,39,25
box_corner,twenty,82,33,31
box_corner,twenty,83,32,32
box_corner,twenty,84,22,42
box_corner,twenty,85,25,39
box_corner,twenty,86,29,35
box_corner,twenty,87,38,26
box_corner,twenty,88,45,19
box_corner,twenty,89,39,25
box_corner,twenty,90,38,26
box_corner,twenty,91,42,22
box_corner,twenty,92,44,20
box_corner,twenty,93,26,38
box_corner,twenty,94,35,29
box_corner,twenty,95,26,38
box_corner,twenty,96,51,13
box_corner,twenty,97,49,15
box_corner,twenty,98,49,15
box_corner,twenty,99,43,21
box_corner,twenty,100,41,23
box_corner,twenty,616,21,43
box_corner,twenty,617,42,22
box_corner,twenty,618,38,26
box_corner,twenty,619,30,34
box_corner,twenty,620,32,32
box_corner,twenty,621,39,25
box_corner,twenty,622,36,28
box_corner,twenty,623,36,28
box_corner,twenty,624,40,24
box_corner,twenty,625,21,43
box_corner,twenty,626,40,24
box_corner,twenty,627,39,25
box_corner,twenty,628,28,36
box_corner,twenty,629,40,24
box_corner,twenty,630,47,17
box_corner,twenty,631,31,33
box_corner,twenty,632,43,21
box_corner,twenty,633,39,25
box_corner,twenty,634,40,24
box_corner,twenty,635,56,8
weak,normal,81,24,40
weak,normal,82,36,28
weak,normal,83,17,47
weak,normal,84,37,27
weak,normal,85,42,22
weak,normal,86,0,29
weak,normal,87,47,17
weak,normal,88,24,40
weak,normal,89,50,14
weak,normal,90,19,45
weak,normal,91,17,47
weak,normal,92,26,38
weak,normal,93,28,36
weak,normal,94,16,48
weak,normal,95,35,29
weak,normal,96,43,21
weak,normal,97,23,41
weak,normal,98,26,38
weak,normal,99,35,29
weak,normal,100,43,21
weak,normal,616,36,28
weak,normal,617,37,27
weak,normal,618,23,41
weak,normal,619,15,49
weak,normal,620,16,48
weak,normal,621,28,36
weak,normal,622,31,33
weak,normal,623,23,41
weak,normal,624,31,33
weak,normal,625,31,33
weak,normal,626,37,27
weak,normal,627,40,24
weak,normal,628,23,41
weak,normal,629,38,26
weak,normal,630,35,29
weak,normal,631,36,28
weak,normal,632,50,14
weak,normal,633,20,44
weak,normal,634,16,48
weak,normal,635,2,22
weak,custom,81,9,55
weak,custom,82,22,42
weak,custom,83,12,52
weak,custom,84,18,46
weak,custom,85,29,35
weak,custom,86,10,54
weak,custom,87,25,39
weak,custom,88,27,37
weak,custom,89,17,47
weak,custom,90,15,49
weak,custom,91,15,49
weak,custom,92,20,44
weak,custom,93,27,37
weak,custom,94,18,46
weak,custom,95,15,49
weak,custom,96,31,33
weak,custom,97,25,39
weak,custom,98,20,44
weak,custom,99,23,41
weak,custom,100,0,52
weak,custom,616,13,51
weak,custom,617,15,49
weak,custom,618,20,44
weak,custom,619,8,56
weak,custom,620,15,49
weak,custom,621,17,47
weak,custom,622,13,51
weak,custom,623,13,51
weak,custom,624,15,49
weak,custom,625,18,46
weak,custom,626,18,46
weak,custom,627,11,53
weak,custom,628,28,36
weak,custom,629,23,41
weak,custom,630,14,50
weak,custom,631,18,46
weak,custom,632,18,46
weak,custom,633,31,33
weak,custom,634,13,51
weak,custom,635,32,32
weak,eva_my,81,25,39
weak,eva_my,82,21,43
weak,eva_my,83,17,47
weak,eva_my,84,34,30
weak,eva_my,85,21,43
weak,eva_my,86,22,42
weak,eva_my,87,25,39
weak,eva_my,88,27,37
weak,eva_my,89,31,33
weak,eva_my,90,16,48
weak,eva_my,91,15,49
weak,eva_my,92,33,31
weak,eva_my,93,23,41
weak,eva_my,94,20,44
weak,eva_my,95,25,39
weak,eva_my,96,25,39
weak,eva_my,97,37,27
weak,eva_my,98,27,37
weak,eva_my,99,29,35
weak,eva_my,100,28,36
weak,eva_my,616,25,39
weak,eva_my,617,27,37
weak,eva_my,618,21,43
weak,eva_my,619,24,40
weak,eva_my,620,18,46
weak,eva_my,621,18,46
weak,eva_my,622,26,38
weak,eva_my,623,16,48
weak,eva_my,624,19,45
weak,eva_my,625,18,46
weak,eva_my,626,11,53
weak,eva_my,627,26,38
weak,eva_my,628,31,33
weak,eva_my,629,26,38
weak,eva_my,630,37,27
weak,eva_my,631,34,30
weak,eva_my,632,20,44
weak,eva_my,633,22,42
weak,eva_my,634,22,42
weak,eva_my,635,25,39
weak,corner,81,24,40
weak,corner,82,16,48
weak,corner,83,34,30
weak,corner,84,15,49
weak,corner,85,21,43
weak,corner,86,22,42
weak,corner,87,20,44
weak,corner,88,17,47
weak,corner,89,23,41
weak,corner,90,11,53
weak,corner,91,46,18
weak,corner,92,23,41
weak,corner,93,26,38
weak,corner,94,29,35
weak,corner,95,27,37
weak,corner,96,30,34
weak,corner,97,43,21
weak,corner,98,32,32
weak,corner,99,22,42
weak,corner,100,24,40
weak,corner,616,29,35
weak,corner,617,32,32
weak,corner,618,22,42
weak,corner,619,7,57
weak,corner,620,17,47
weak,corner,621,16,48
weak,corner,622,18,46
weak,corner,623,24,40
weak,corner,624,26,38
weak,corner,625,25,39
weak,corner,626,25,39
weak,corner,627,26,38
weak,corner,628,43,21
weak,corner,629,32,32
weak,corner,630,24,40
weak,corner,631,14,50
weak,corner,632,19,45
weak,corner,633,15,49
weak,corner,634,19,45
weak,corner,635,13,51
weak,box,81,20,44
weak,box,82,14,50
weak,box,83,19,45
weak,box,84,13,51
weak,box,85,19,45
weak,box,86,30,34
weak,box,87,24,40
weak,box,88,28,36
weak,box,89,33,31
weak,box,90,19,45
weak,box,91,31,33
weak,box,92,33,31
weak,box,93,31,33
weak,box,94,39,25
weak,box,95,18,46
weak,box,96,15,49
weak,box,97,15,49
weak,box,98,21,43
weak,box,99,22,42
weak,box,100,35,29
weak,box,616,21,43
weak,box,617,15,49
weak,box,618,18,46
weak,box,619,14,50
weak,box,620,33,31
weak,box,621,23,41
weak,box,622,39,25
weak,box,623,24,40
weak,box,624,34,30
weak,box,625,18,46
weak,box,626,18,46
weak,box,627,31,33
weak,box,628,18,46
weak,box,629,33,31
weak,box,630,27,37
weak,box,631,22,42
weak,box,632,19,45
weak,box,633,28,36
weak,box,634,25,39
weak,box,635,33,31
weak,box_corner,81,24,40
weak,box_corner,82,26,38
weak,box_corner,83,19,45
weak,box_corner,84,17,47
weak,box_corner,85,13,51
weak,box_corner,86,22,42
weak,box_corner,87,34,30
weak,box_corner,88,22,42
weak,box_corner,89,23,41
weak,box_corner,90,21,43
weak,box_corner,91,23,41
weak,box_corner,92,23,41
weak,box_corner,93,19,45
weak,box_corner,94,32,32
weak,box_corner,95,22,42
weak,box_corner,96,17,47
weak,box_corner,97,10,54
weak,box_corner,98,12,52
weak,box_corner,99,21,43
weak,box_corner,100,32,32
weak,box_corner,616,17,47
weak,box_corner,617,26,38
weak,box_corner,618,24,40
weak,box_corner,619,32,32
weak,box_corner,620,34,30
weak,box_corner,621,21,43
weak,box_corner,622,18,46
weak,box_corner,623,19,45
weak,box_corner,624,20,44
weak,box_corner,625,40,24
weak,box_corner,626,25,39
weak,box_corner,627,24,40
weak,box_corner,628,30,34
weak,box_corner,629,20,44
weak,box_corner,630,19,45
weak,box_corner,631,30,34
weak,box_corner,632,31,33
weak,box_corner,633,31,33
weak,box_corner,634,19,45
weak,box_corner,635,20,44
weak,weak,81,27,37
weak,weak,82,18,46
weak,weak,83,41,23
weak,weak,84,34,30
weak,weak,85,36,28
weak,weak,86,33,31
weak,weak,87,33,31
weak,weak,88,26,38
weak,weak,89,23,41
weak,weak,90,25,39
weak,weak,91,27,37
weak,weak,92,36,28
weak,weak,93,3,61
weak,weak,94,49,15
weak,weak,95,23,41
weak,weak,96,39,25
weak,weak,97,39,25
weak,weak,98,36,28
weak,weak,99,36,28
weak,weak,100,19,45
weak,weak,616,30,34
weak,weak,617,24,40
weak,weak,618,31,33
weak,weak,619,57,7
weak,weak,620,44,20
weak,weak,621,44,20
weak,weak,622,42,22
weak,weak,623,33,31
weak,weak,624,47,17
weak,weak,625,33,31
weak,weak,626,27,37
weak,weak,627,42,22
weak,weak,628,40,24
weak,weak,629,31,33
weak,weak,630,17,47
weak,weak,631,46,18
weak,weak,632,30,34
weak,weak,633,37,27
weak,weak,634,27,37
weak,weak,635,20,44
weak,fifteen,81,11,53
weak,fifteen,82,20,44
weak,fifteen,83,24,40
weak,fifteen,84,12,52
weak,fifteen,85,17,47
weak,fifteen,86,11,53
weak,fifteen,87,20,44
weak,fifteen,88,22,42
weak,fifteen,89,18,46
weak,fifteen,90,22,42
weak,fifteen,91,28,36
weak,fifteen,92,19,45
weak,fifteen,93,29,35
weak,fifteen,94,10,54
weak,fifteen,95,42,22
weak,fifteen,96,9,55
weak,fifteen,97,11,53
weak,fifteen,98,22,42
weak,fifteen,99,27,37
weak,fifteen,100,22,42
weak,fifteen,616,46,18
weak,fifteen,617,20,44
weak,fifteen,618,22,42
weak,fifteen,619,32,32
weak,fifteen,620,13,51
weak,fifteen,621,13,51
weak,fifteen,622,29,35
weak,fifteen,623,22,42
weak,fifteen,624,25,39
weak,fifteen,625,36,28
weak,fifteen,626,25,39
weak,fifteen,627,34,30
weak,fifteen,628,3,59
weak,fifteen,629,9,54
weak,fifteen,630,20,44
weak,fifteen,631,44,20
weak,fifteen,632,47,17
weak,fifteen,633,20,44
weak,fifteen,634,15,49
weak,fifteen,635,31,33
weak,seventeen,81,36,28
weak,seventeen,82,21,43
weak,seventeen,83,24,40
weak,seventeen,84,14,50
weak,seventeen,85,22,42
weak,seventeen,86,29,35
weak,seventeen,87,29,35
weak,seventeen,88,22,42
weak,seventeen,89,9,55
weak,seventeen,90,35,29
weak,seventeen,91,34,30
weak,seventeen,92,34,30
weak,seventeen,93,17,47
weak,seventeen,94,29,35
weak,seventeen,95,22,41
weak,seventeen,96,28,36
weak,seventeen,97,40,24
weak,seventeen,98,34,30
weak,seventeen,99,40,24
weak,seventeen,100,29,35
weak,seventeen,616,15,49
weak,seventeen,617,32,32
weak,seventeen,618,12,52
weak,seventeen,619,40,24
weak,seventeen,620,33,31
weak,seventeen,621,14,50
weak,seventeen,622,32,32
weak,seventeen,623,19,45
weak,seventeen,624,20,44
weak,seventeen,625,19,45
weak,seventeen,626,6,58
weak,seventeen,627,42,22
weak,seventeen,628,17,47
weak,seventeen,629,28,36
weak,seventeen,630,20,44
weak,seventeen,631,29,35
weak,seventeen,632,13,51
weak,seventeen,633,24,40
weak,seventeen,634,29,35
weak,seventeen,635,22,42
weak,twenty,81,41,23
weak,twenty,82,47,17
weak,twenty,83,13,51
weak,twenty,84,27,37
weak,twenty,85,25,39
weak,twenty,86,34,30
weak,twenty,87,49,15
weak,twenty,88,33,31
weak,twenty,89,39,25
weak,twenty,90,33,31
weak,twenty,91,14,50
weak,twenty,92,49,15
weak,twenty,93,33,31
weak,twenty,94,23,41
weak,twenty,95,44,20
weak,twenty,96,38,26
weak,twenty,97,38,26
weak,twenty,98,25,39
weak,twenty,99,43,21
weak,twenty,100,47,17
weak,twenty,616,21,43
weak,twenty,617,49,15
weak,twenty,618,42,22
weak,twenty,619,48,16
weak,twenty,620,10,54
weak,twenty,621,14,50
weak,twenty,622,42,22
weak,twenty,623,32,32
weak,twenty,624,14,50
weak,twenty,625,45,19
weak,twenty,626,33,31
weak,twenty,627,27,37
weak,twenty,628,11,53
weak,twenty,629,45,19
weak,twenty,630,17,47
weak,twenty,631,41,23
weak,twenty,632,28,36
weak,twenty,633,33,31
weak,twenty,634,26,38
weak,twenty,635,27,37
fifteen,normal,81,44,20
fifteen,normal,82,19,45
fifteen,normal,83,43,21
fifteen,normal,84,27,37
fifteen,normal,85,41,23
fifteen,normal,86,51,13
fifteen,normal,87,39,25
fifteen,normal,88,11,52
fifteen,normal,89,53,11
fifteen,normal,90,20,44
fifteen,normal,91,48,16
fifteen,normal,92,42,22
fifteen,normal,93,36,28
fifteen,normal,94,21,43
fifteen,normal,95,53,11
fifteen,normal,96,55,9
fifteen,normal,97,20,44
fifteen,normal,98,29,35
fifteen,normal,99,46,18
fifteen,normal,100,36,28
fifteen,normal,616,24,40
fifteen,normal,617,52,12
fifteen,normal,618,44,20
fifteen,normal,619,34,30
fifteen,normal,620,34,30
fifteen,normal,621,13,51
fifteen,normal,622,38,26
fifteen,normal,623,48,16
fifteen,normal,624,28,36
fifteen,normal,625,36,28
fifteen,normal,626,16,48
fifteen,normal,627,29,35
fifteen,normal,628,27,37
fifteen,normal,629,21,43
fifteen,normal,630,37,27
fifteen,normal,631,36,28
fifteen,normal,632,54,10
fifteen,normal,633,60,4
fifteen,normal,634,43,21
fifteen,normal,635,46,18
fifteen,custom,81,27,37
fifteen,custom,82,37,27
fifteen,custom,83,28,36
fifteen,custom,84,17,47
fifteen,custom,85,24,40
fifteen,custom,86,13,51
fifteen,custom,87,16,48
fifteen,custom,88,33,31
fifteen,custom,89,32,32
fifteen,custom,90,16,48
fifteen,custom,91,25,39
fifteen,custom,92,32,32
fifteen,custom,93,29,35
fifteen,custom,94,32,32
fifteen,custom,95,4,59
fifteen,custom,96,26,38
fifteen,custom,97,30,34
fifteen,custom,98,28,36
fifteen,custom,99,22,42
fifteen,custom,100,38,26
fifteen,custom,616,15,49
fifteen,custom,617,34,30
fifteen,custom,618,25,39
fifteen,custom,619,13,51
fifteen,custom,620,18,46
fifteen,custom,621,15,49
fifteen,custom,622,12,52
fifteen,custom,623,16,48
fifteen,custom,624,20,44
fifteen,custom,625,16,48
fifteen,custom,626,27,37
fifteen,custom,627,22,42
fifteen,custom,628,30,34
fifteen,custom,629,39,25
fifteen,custom,630,37,27
fifteen,custom,631,23,41
fifteen,custom,632,20,44
fifteen,custom,633,19,45
fifteen,custom,634,32,32
fifteen,custom,635,37,27
fifteen,eva_my,81,31,33
fifteen,eva_my,82,32,32
fifteen,eva_my,83,39,25
fifteen,eva_my,84,22,42
fifteen,eva_my,85,23,41
fifteen,eva_my,86,24,40
fifteen,eva_my,87,32,32
fifteen,eva_my,88,29,35
fifteen,eva_my,89,20,44
fifteen,eva_my,90,24,40
fifteen,eva_my,91,23,41
fifteen,eva_my,92,35,29
fifteen,eva_my,93,31,33
fifteen,eva_my,94,38,26
fifteen,eva_my,95,30,34
fifteen,eva_my,96,38,26
fifteen,eva_my,97,25,39
fifteen,eva_my,98,36,28
fifteen,eva_my,99,41,23
fifteen,eva_my,100,41,23
fifteen,eva_my,616,27,37
fifteen,eva_my,617,24,40
fifteen,eva_my,618,18,46
fifteen,eva_my,619,26,38
fifteen,eva_my,620,24,40
fifteen,eva_my,621,35,29
fifteen,eva_my,622,17,47
fifteen,eva_my,623,35,29
fifteen,eva_my,624,17,47
fifteen,eva_my,625,24,40
fifteen,eva_my,626,22,42
fifteen,eva_my,627,29,35
fifteen,eva_my,628,29,35
fifteen,eva_my,629,23,41
fifteen,eva_my,630,32,32
fifteen,eva_my,631,38,26
fifteen,eva_my,632,25,39
fifteen,eva_my,633,24,40
fifteen,eva_my,634,34,30
fifteen,eva_my,635,41,23
fifteen,corner,81,23,41
fifteen,corner,82,21,43
fifteen,corner,83,22,42
fifteen,corner,84,37,27
fifteen,corner,85,25,39
fifteen,corner,86,30,34
fifteen,corner,87,27,37
fifteen,corner,88,21,43
fifteen,corner,89,22,42
fifteen,corner,90,24,40
fifteen,corner,91,30,34
fifteen,corner,92,15,49
fifteen,corner,93,23,41
fifteen,corner,94,49,15
fifteen,corner,95,27,37
fifteen,corner,96,31,33
fifteen,corner,97,22,42
fifteen,corner,98,29,35
fifteen,corner,99,31,33
fifteen,corner,100,18,46
fifteen,corner,616,33,31
fifteen,corner,617,24,40
fifteen,corner,618,25,39
fifteen,corner,619,31,33
fifteen,corner,620,52,12
fifteen,corner,621,52,12
fifteen,corner,622,24,40
fifteen,corner,623,24,40
fifteen,corner,624,52,12
fifteen,corner,625,24,40
fifteen,corner,626,23,41
fifteen,corner,627,20,44
fifteen,corner,628,41,23
fifteen,corner,629,16,48
fifteen,corner,630,21,43
fifteen,corner,631,29,35
fifteen,corner,632,31,33
fifteen,corner,633,18,46
fifteen,corner,634,24,40
fifteen,corner,635,18,46
fifteen,box,81,18,46
fifteen,box,82,31,33
fifteen,box,83,24,40
fifteen,box,84,41,23
fifteen,box,85,28,36
fifteen,box,86,35,29
fifteen,box,87,15,49
fifteen,box,88,24,40
fifteen,box,89,26,38
fifteen,box,90,39,25
fifteen,box,91,23,41
fifteen,box,92,22,42
fifteen,box,93,22,42
fifteen,box,94,36,28
fifteen,box,95,31,33
fifteen,box,96,36,28
fifteen,box,97,31,33
fifteen,box,98,36,28
fifteen,box,99,16,48
fifteen,box,100,33,31
fifteen,box,616,28,36
fifteen,box,617,26,38
fifteen,box,618,29,35
fifteen,box,619,36,28
fifteen,box,620,26,38
fifteen,box,621,26,38
fifteen,box,622,32,32
fifteen,box,623,26,38
fifteen,box,624,18,46
fifteen,box,625,39,25
fifteen,box,626,18,46
fifteen,box,627,24,40
fifteen,box,628,29,35
fifteen,box,629,26,38
fifteen,box,630,22,42
fifteen,box,631,36,28
fifteen,box,632,16,48
fifteen,box,633,41,23
fifteen,box,634,22,42
fifteen,box,635,29,35
fifteen,box_corner,81,27,37
fifteen,box_corner,82,10,54
fifteen,box_corner,83,14,50
fifteen,box_corner,84,30,34
fifteen,box_corner,85,21,43
fifteen,box_corner,86,32,32
fifteen,box_corner,87,15,49
fifteen,box_corner,88,8,56
fifteen,box_corner,89,21,43
fifteen,box_corner,90,20,44
fifteen,box_corner,91,30,34
fifteen,box_corner,92,22,42
fifteen,box_corner,93,44,20
fifteen,box_corner,94,26,38
fifteen,box_corner,95,17,47
fifteen,box_corner,96,33,31
fifteen,box_corner,97,18,46
fifteen,box_corner,98,28,36
fifteen,box_corner,99,23,41
fifteen,box_corner,100,17,47
fifteen,box_corner,616,17,47
fifteen,box_corner,617,21,43
fifteen,box_corner,618,16,48
fifteen,box_corner,619,33,31
fifteen,box_corner,620,30,34
fifteen,box_corner,621,25,39
fifteen,box_corner,622,16,48
fifteen,box_corner,623,15,49
fifteen,box_corner,624,15,49
fifteen,box_corner,625,20,44
fifteen,box_corner,626,44,20
fifteen,box_corner,627,26,38
fifteen,box_corner,628,18,46
fifteen,box_corner,629,21,43
fifteen,box_corner,630,16,48
fifteen,box_corner,631,30,34
fifteen,box_corner,632,18,46
fifteen,box_corner,633,44,20
fifteen,box_corner,634,29,35
fifteen,box_corner,635,17,47
fifteen,weak,81,17,47
fifteen,weak,82,30,34
fifteen,weak,83,28,36
fifteen,weak,84,33,31
fifteen,weak,85,43,21
fifteen,weak,86,17,47
fifteen,weak,87,42,22
fifteen,weak,88,34,30
fifteen,weak,89,34,30
fifteen,weak,90,34,30
fifteen,weak,91,41,23
fifteen,weak,92,34,30
fifteen,weak,93,17,47
fifteen,weak,94,31,33
fifteen,weak,95,45,19
fifteen,weak,96,28,36
fifteen,weak,97,34,30
fifteen,weak,98,9,55
fifteen,weak,99,27,37
fifteen,weak,100,17,47
fifteen,weak,616,32,32
fifteen,weak,617,34,30
fifteen,weak,618,17,47
fifteen,weak,619,38,26
fifteen,weak,620,34,30
fifteen,weak,621,34,30
fifteen,weak,622,28,36
fifteen,weak,623,29,35
fifteen,weak,624,28,36
fifteen,weak,625,35,29
fifteen,weak,626,17,47
fifteen,weak,627,25,39
fifteen,weak,628,17,47
fifteen,weak,629,61,3
fifteen,weak,630,34,30
fifteen,weak,631,28,36
fifteen,weak,632,61,3
fifteen,weak,633,17,47
fifteen,weak,634,42,22
fifteen,weak,635,17,47
fifteen,fifteen,81,10,54
fifteen,fifteen,82,11,53
fifteen,fifteen,83,20,44
fifteen,fifteen,84,11,53
fifteen,fifteen,85,20,44
fifteen,fifteen,86,37,27
fifteen,fifteen,87,11,53
fifteen,fifteen,88,20,44
fifteen,fifteen,89,11,53
fifteen,fifteen,90,11,53
fifteen,fifteen,91,20,44
fifteen,fifteen,92,11,53
fifteen,fifteen,93,52,12
fifteen,fifteen,94,39,25
fifteen,fifteen,95,10,54
fifteen,fifteen,96,11,53
fifteen,fifteen,97,52,12
fifteen,fifteen,98,39,25
fifteen,fifteen,99,10,54
fifteen,fifteen,100,43,21
fifteen,fifteen,616,39,25
fifteen,fifteen,617,39,25
fifteen,fifteen,618,10,54
fifteen,fifteen,619,39,25
fifteen,fifteen,620,39,25
fifteen,fifteen,621,39,25
fifteen,fifteen,622,39,25
fifteen,fifteen,623,39,25
fifteen,fifteen,624,39,25
fifteen,fifteen,625,39,25
fifteen,fifteen,626,10,54
fifteen,fifteen,627,11,53
fifteen,fifteen,628,52,12
fifteen,fifteen,629,39,25
fifteen,fifteen,630,39,25
fifteen,fifteen,631,39,25
fifteen,fifteen,632,10,54
fifteen,fifteen,633,52,12
fifteen,fifteen,634,39,25
fifteen,fifteen,635,10,54
fifteen,seventeen,81,30,34
fifteen,seventeen,82,42,22
fifteen,seventeen,83,54,10
fifteen,seventeen,84,54,10
fifteen,seventeen,85,54,10
fifteen,seventeen,86,38,26
fifteen,seventeen,87,54,10
fifteen,seventeen,88,54,10
fifteen,seventeen,89,54,10
fifteen,seventeen,90,54,10
fifteen,seventeen,91,54,10
fifteen,seventeen,92,54,10
fifteen,seventeen,93,30,34
fifteen,seventeen,94,42,22
fifteen,seventeen,95,38,26
fifteen,seventeen,96,54,10
fifteen,seventeen,97,30,34
fifteen,seventeen,98,42,22
fifteen,seventeen,99,30,34
fifteen,seventeen,100,47,17
fifteen,seventeen,616,54,10
fifteen,seventeen,617,54,10
fifteen,seventeen,618,38,26
fifteen,seventeen,619,38,26
fifteen,seventeen,620,54,10
fifteen,seventeen,621,54,10
fifteen,seventeen,622,54,10
fifteen,seventeen,623,54,10
fifteen,seventeen,624,54,10
fifteen,seventeen,625,54,10
fifteen,seventeen,626,30,34
fifteen,seventeen,627,42,22
fifteen,seventeen,628,30,34
fifteen,seventeen,629,42,22
fifteen,seventeen,630,54,10
fifteen,seventeen,631,54,10
fifteen,seventeen,632,30,34
fifteen,seventeen,633,45,19
fifteen,seventeen,634,54,10
fifteen,seventeen,635,38,26
fifteen,twenty,81,30,34
fifteen,twenty,82,57,7
fifteen,twenty,83,40,24
fifteen,twenty,84,57,7
fifteen,twenty,85,40,24
fifteen,twenty,86,57,7
fifteen,twenty,87,40,24
fifteen,twenty,88,57,7
fifteen,twenty,89,40,24
fifteen,twenty,90,57,7
fifteen,twenty,91,40,24
fifteen,twenty,92,57,7
fifteen,twenty,93,30,34
fifteen,twenty,94,57,7
fifteen,twenty,95,50,14
fifteen,twenty,96,40,24
fifteen,twenty,97,57,7
fifteen,twenty,98,40,24
fifteen,twenty,99,57,7
fifteen,twenty,100,50,14
fifteen,twenty,616,40,24
fifteen,twenty,617,57,7
fifteen,twenty,618,50,14
fifteen,twenty,619,39,25
fifteen,twenty,620,57,7
fifteen,twenty,621,40,24
fifteen,twenty,622,57,7
fifteen,twenty,623,40,24
fifteen,twenty,624,57,7
fifteen,twenty,625,40,24
fifteen,twenty,626,57,7
fifteen,twenty,627,40,24
fifteen,twenty,628,57,7
fifteen,twenty,629,40,24
fifteen,twenty,630,57,7
fifteen,twenty,631,40,24
fifteen,twenty,632,57,7
fifteen,twenty,633,30,34
fifteen,twenty,634,57,7
fifteen,twenty,635,50,14
seventeen,normal,81,30,34
seventeen,normal,82,39,25
seventeen,normal,83,45,19
seventeen,normal,84,47,17
seventeen,normal,85,34,30
seventeen,normal,86,32,32
seventeen,normal,87,42,22
seventeen,normal,88,21,43
seventeen,normal,89,45,19
seventeen,normal,90,45,19
seventeen,normal,91,14,50
seventeen,normal,92,38,26
seventeen,normal,93,26,38
seventeen,normal,94,43,21
seventeen,normal,95,32,32
seventeen,normal,96,20,44
seventeen,normal,97,19,45
seventeen,normal,98,22,42
seventeen,normal,99,41,23
seventeen,normal,100,28,36
seventeen,normal,616,22,42
seventeen,normal,617,38,26
seventeen,normal,618,32,32
seventeen,normal,619,28,36
seventeen,normal,620,23,41
seventeen,normal,621,48,16
seventeen,normal,622,43,21
seventeen,normal,623,44,20
seventeen,normal,624,39,25
seventeen,normal,625,49,15
seventeen,normal,626,26,38
seventeen,normal,627,44,20
seventeen,normal,628,24,40
seventeen,normal,629,32,32
seventeen,normal,630,61,3
seventeen,normal,631,18,46
seventeen,normal,632,15,49
seventeen,normal,633,40,24
seventeen,normal,634,26,38
seventeen,normal,635,40,24
seventeen,custom,81,19,45
seventeen,custom,82,35,29
seventeen,custom,83,18,46
seventeen,custom,84,12,52
seventeen,custom,85,21,43
seventeen,custom,86,16,48
seventeen,custom,87,35,29
seventeen,custom,88,18,46
seventeen,custom,89,30,34
seventeen,custom,90,18,46
seventeen,custom,91,19,45
seventeen,custom,92,18,46
seventeen,custom,93,9,54
seventeen,custom,94,25,39
seventeen,custom,95,9,55
seventeen,custom,96,27,37
seventeen,custom,97,21,43
seventeen,custom,98,14,50
seventeen,custom,99,19,45
seventeen,custom,100,7,57
seventeen,custom,616,14,50
seventeen,custom,617,33,31
seventeen,custom,618,13,51
seventeen,custom,619,24,40
seventeen,custom,620,18,46
seventeen,custom,621,16,48
seventeen,custom,622,18,46
seventeen,custom,623,41,23
seventeen,custom,624,18,46
seventeen,custom,625,23,41
seventeen,custom,626,19,45
seventeen,custom,627,13,51
seventeen,custom,628,21,43
seventeen,custom,629,30,34
seventeen,custom,630,18,46
seventeen,custom,631,21,43
seventeen,custom,632,21,43
seventeen,custom,633,9,54
seventeen,custom,634,34,30
seventeen,custom,635,13,51
seventeen,eva_my,81,32,32
seventeen,eva_my,82,21,43
seventeen,eva_my,83,34,30
seventeen,eva_my,84,36,28
seventeen,eva_my,85,22,42
seventeen,eva_my,86,20,44
seventeen,eva_my,87,40,24
seventeen,eva_my,88,39,25
seventeen,eva_my,89,29,35
seventeen,eva_my,90,38,26
seventeen,eva_my,91,16,48
seventeen,eva_my,92,35,29
seventeen,eva_my,93,15,49
seventeen,eva_my,94,29,35
seventeen,eva_my,95,19,45
seventeen,eva_my,96,39,25
seventeen,eva_my,97,32,32
seventeen,eva_my,98,33,31
seventeen,eva_my,99,37,27
seventeen,eva_my,100,36,28
seventeen,eva_my,616,36,28
seventeen,eva_my,617,48,16
seventeen,eva_my,618,30,34
seventeen,eva_my,619,15,49
seventeen,eva_my,620,36,28
seventeen,eva_my,621,37,27
seventeen,eva_my,622,35,29
seventeen,eva_my,623,38,26
seventeen,eva_my,624,24,40
seventeen,eva_my,625,38,26
seventeen,eva_my,626,30,34
seventeen,eva_my,627,31,33
seventeen,eva_my,628,20,44
seventeen,eva_my,629,14,50
seventeen,eva_my,630,35,29
seventeen,eva_my,631,14,50
seventeen,eva_my,632,22,42
seventeen,eva_my,633,38,26
seventeen,eva_my,634,35,29
seventeen,eva_my,635,36,28
seventeen,corner,81,14,50
seventeen,corner,82,36,28
seventeen,corner,83,22,42
seventeen,corner,84,29,35
seventeen,corner,85,23,41
seventeen,corner,86,14,50
seventeen,corner,87,36,28
seventeen,corner,88,36,28
seventeen,corner,89,34,30
seventeen,corner,90,47,17
seventeen,corner,91,38,26
seventeen,corner,92,24,40
seventeen,corner,93,18,46
seventeen,corner,94,30,34
seventeen,corner,95,28,36
seventeen,corner,96,39,25
seventeen,corner,97,22,42
seventeen,corner,98,20,44
seventeen,corner,99,43,21
seventeen,corner,100,50,14
seventeen,corner,616,32,32
seventeen,corner,617,40,24
seventeen,corner,618,30,34
seventeen,corner,619,34,30
seventeen,corner,620,34,30
seventeen,corner,621,33,31
seventeen,corner,622,31,33
seventeen,corner,623,28,36
seventeen,corner,624,24,40
seventeen,corner,625,41,23
seventeen,corner,626,17,47
seventeen,corner,627,29,35
seventeen,corner,628,26,38
seventeen,corner,629,28,36
seventeen,corner,630,44,20
seventeen,corner,631,17,47
seventeen,corner,632,12,52
seventeen,corner,633,16,48
seventeen,corner,634,14,50
seventeen,corner,635,23,41
seventeen,box,81,21,43
seventeen,box,82,42,22
seventeen,box,83,30,34
seventeen,box,84,29,35
seventeen,box,85,42,22
seventeen,box,86,23,41
seventeen,box,87,24,40
seventeen,box,88,25,39
seventeen,box,89,16,48
seventeen,box,90,31,33
seventeen,box,91,32,32
seventeen,box,92,19,45
seventeen,box,93,27,37
seventeen,box,94,42,22
seventeen,box,95,36,28
seventeen,box,96,22,42
seventeen,box,97,27,37
seventeen,box,98,36,28
seventeen,box,99,43,21
seventeen,box,100,40,24
seventeen,box,616,42,22
seventeen,box,617,32,32
seventeen,box,618,31,33
seventeen,box,619,33,31
seventeen,box,620,17,47
seventeen,box,621,30,34
seventeen,box,622,32,32
seventeen,box,623,26,38
seventeen,box,624,14,50
seventeen,box,625,23,41
seventeen,box,626,23,41
seventeen,box,627,23,41
seventeen,box,628,31,33
seventeen,box,629,21,43
seventeen,box,630,22,42
seventeen,box,631,33,31
seventeen,box,632,28,36
seventeen,box,633,27,37
seventeen,box,634,32,32
seventeen,box,635,40,24
seventeen,box_corner,81,20,44
seventeen,box_corner,82,20,44
seventeen,box_corner,83,21,43
seventeen,box_corner,84,17,47
seventeen,box_corner,85,48,16
seventeen,box_corner,86,29,35
seventeen,box_corner,87,53,11
seventeen,box_corner,88,30,34
seventeen,box_corner,89,32,32
seventeen,box_corner,90,20,44
seventeen,box_corner,91,17,47
seventeen,box_corner,92,21,43
seventeen,box_corner,93,22,42
seventeen,box_corner,94,36,28
seventeen,box_corner,95,27,37
seventeen,box_corner,96,20,44
seventeen,box_corner,97,31,33
seventeen,box_corner,98,18,46
seventeen,box_corner,99,36,28
seventeen,box_corner,100,27,37
seventeen,box_corner,616,17,47
seventeen,box_corner,617,24,40
seventeen,box_corner,618,25,39
seventeen,box_corner,619,29,35
seventeen,box_corner,620,22,42
seventeen,box_corner,621,37,27
seventeen,box_corner,622,27,37
seventeen,box_corner,623,28,36
seventeen,box_corner,624,19,45
seventeen,box_corner,625,40,24
seventeen,box_corner,626,20,44
seventeen,box_corner,627,25,39
seventeen,box_corner,628,18,46
seventeen,box_corner,629,18,46
seventeen,box_corner,630,22,42
seventeen,box_corner,631,19,45
seventeen,box_corner,632,25,39
seventeen,box_corner,633,37,27
seventeen,box_corner,634,23,41
seventeen,box_corner,635,20,44
seventeen,weak,81,55,9
seventeen,weak,82,13,51
seventeen,weak,83,22,42
seventeen,weak,84,55,9
seventeen,weak,85,33,31
seventeen,weak,86,31,33
seventeen,weak,87,27,37
seventeen,weak,88,19,45
seventeen,weak,89,43,21
seventeen,weak,90,44,20
seventeen,weak,91,17,47
seventeen,weak,92,43,21
seventeen,weak,93,30,34
seventeen,weak,94,44,20
seventeen,weak,95,29,35
seventeen,weak,96,43,21
seventeen,weak,97,38,26
seventeen,weak,98,38,26
seventeen,weak,99,41,23
seventeen,weak,100,33,31
seventeen,weak,616,45,19
seventeen,weak,617,43,21
seventeen,weak,618,46,18
seventeen,weak,619,35,29
seventeen,weak,620,52,11
seventeen,weak,621,33,31
seventeen,weak,622,33,31
seventeen,weak,623,31,33
seventeen,weak,624,34,30
seventeen,weak,625,41,23
seventeen,weak,626,25,39
seventeen,weak,627,40,24
seventeen,weak,628,22,42
seventeen,weak,629,38,26
seventeen,weak,630,31,33
seventeen,weak,631,26,38
seventeen,weak,632,56,8
seventeen,weak,633,33,31
seventeen,weak,634,48,16
seventeen,weak,635,37,27
seventeen,fifteen,81,58,6
seventeen,fifteen,82,58,6
seventeen,fifteen,83,58,6
seventeen,fifteen,84,58,6
seventeen,fifteen,85,58,6
seventeen,fifteen,86,58,6
seventeen,fifteen,87,58,6
seventeen,fifteen,88,58,6
seventeen,fifteen,89,58,6
seventeen,fifteen,90,58,6
seventeen,fifteen,91,58,6
seventeen,fifteen,92,58,6
seventeen,fifteen,93,58,6
seventeen,fifteen,94,58,6
seventeen,fifteen,95,58,6
seventeen,fifteen,96,58,6
seventeen,fifteen,97,58,6
seventeen,fifteen,98,58,6
seventeen,fifteen,99,58,6
seventeen,fifteen,100,58,6
seventeen,fifteen,616,58,6
seventeen,fifteen,617,58,6
seventeen,fifteen,618,58,6
seventeen,fifteen,619,58,6
seventeen,fifteen,620,58,6
seventeen,fifteen,621,58,6
seventeen,fifteen,622,58,6
seventeen,fifteen,623,58,6
seventeen,fifteen,624,58,6
seventeen,fifteen,625,58,6
seventeen,fifteen,626,58,6
seventeen,fifteen,627,58,6
seventeen,fifteen,628,58,6
seventeen,fifteen,629,58,6
seventeen,fifteen,630,58,6
seventeen,fifteen,631,58,6
seventeen,fifteen,632,58,6
seventeen,fifteen,633,58,6
seventeen,fifteen,634,58,6
seventeen,fifteen,635,58,6
seventeen,seventeen,81,36,28
seventeen,seventeen,82,42,22
seventeen,seventeen,83,24,40
seventeen,seventeen,84,24,40
seventeen,seventeen,85,24,40
seventeen,seventeen,86,36,28
seventeen,seventeen,87,42,22
seventeen,seventeen,88,24,40
seventeen,seventeen,89,24,40
seventeen,seventeen,90,24,40
seventeen,seventeen,91,24,40
seventeen,seventeen,92,24,40
seventeen,seventeen,93,36,28
seventeen,seventeen,94,42,22
seventeen,seventeen,95,36,28
seventeen,seventeen,96,42,22
seventeen,seventeen,97,36,28
seventeen,seventeen,98,42,22
seventeen,seventeen,99,36,28
seventeen,seventeen,100,42,22
seventeen,seventeen,616,24,40
seventeen,seventeen,617,24,40
seventeen,seventeen,618,36,28
seventeen,seventeen,619,42,22
seventeen,seventeen,620,24,40
seventeen,seventeen,621,24,40
seventeen,seventeen,622,24,40
seventeen,seventeen,623,24,40
seventeen,seventeen,624,24,40
seventeen,seventeen,625,24,40
seventeen,seventeen,626,36,28
seventeen,seventeen,627,42,22
seventeen,seventeen,628,36,28
seventeen,seventeen,629,42,22
seventeen,seventeen,630,24,40
seventeen,seventeen,631,24,40
seventeen,seventeen,632,36,28
seventeen,seventeen,633,42,22
seventeen,seventeen,634,24,40
seventeen,seventeen,635,36,28
seventeen,twenty,81,15,49
seventeen,twenty,82,32,32
seventeen,twenty,83,27,37
seventeen,twenty,84,26,38
seventeen,twenty,85,27,37
seventeen,twenty,86,45,19
seventeen,twenty,87,27,37
seventeen,twenty,88,34,30
seventeen,twenty,89,27,37
seventeen,twenty,90,32,32
seventeen,twenty,91,27,37
seventeen,twenty,92,32,32
seventeen,twenty,93,15,49
seventeen,twenty,94,26,38
seventeen,twenty,95,15,49
seventeen,twenty,96,26,38
seventeen,twenty,97,15,49
seventeen,twenty,98,34,30
seventeen,twenty,99,15,49
seventeen,twenty,100,45,19
seventeen,twenty,616,27,37
seventeen,twenty,617,32,32
seventeen,twenty,618,15,49
seventeen,twenty,619,45,19
seventeen,twenty,620,27,37
seventeen,twenty,621,34,30
seventeen,twenty,622,27,37
seventeen,twenty,623,32,32
seventeen,twenty,624,27,37
seventeen,twenty,625,32,32
seventeen,twenty,626,15,49
seventeen,twenty,627,26,38
seventeen,twenty,628,15,49
seventeen,twenty,629,32,32
seventeen,twenty,630,27,37
seventeen,twenty,631,26,38
seventeen,twenty,632,15,49
seventeen,twenty,633,45,19
seventeen,twenty,634,27,37
seventeen,twenty,635,45,19
twenty,normal,81,33,31
twenty,normal,82,33,31
twenty,normal,83,27,37
twenty,normal,84,49,15
twenty,normal,85,48,16
twenty,normal,86,35,29
twenty,normal,87,25,39
twenty,normal,88,33,31
twenty,normal,89,15,49
twenty,normal,90,26,38
twenty,normal,91,31,33
twenty,normal,92,24,40
twenty,normal,93,25,39
twenty,normal,94,39,25
twenty,normal,95,8,54
twenty,normal,96,22,42
twenty,normal,97,16,48
twenty,normal,98,49,15
twenty,normal,99,11,53
twenty,normal,100,28,36
twenty,normal,616,46,18
twenty,normal,617,26,38
twenty,normal,618,13,51
twenty,normal,619,35,29
twenty,normal,620,31,33
twenty,normal,621,31,33
twenty,normal,622,42,22
twenty,normal,623,28,36
twenty,normal,624,28,36
twenty,normal,625,42,22
twenty,normal,626,38,26
twenty,normal,627,26,38
twenty,normal,628,15,49
twenty,normal,629,27,37
twenty,normal,630,33,31
twenty,normal,631,18,45
twenty,normal,632,37,27
twenty,normal,633,16,48
twenty,normal,634,47,17
twenty,normal,635,35,29
twenty,custom,81,21,43
twenty,custom,82,23,41
twenty,custom,83,20,44
twenty,custom,84,23,41
twenty,custom,85,17,47
twenty,custom,86,24,40
twenty,custom,87,30,34
twenty,custom,88,27,37
twenty,custom,89,30,34
twenty,custom,90,32,32
twenty,custom,91,15,49
twenty,custom,92,26,38
twenty,custom,93,21,43
twenty,custom,94,37,27
twenty,custom,95,41,23
twenty,custom,96,15,49
twenty,custom,97,21,43
twenty,custom,98,27,37
twenty,custom,99,36,28
twenty,custom,100,22,42
twenty,custom,616,19,45
twenty,custom,617,37,27
twenty,custom,618,13,51
twenty,custom,619,25,39
twenty,custom,620,22,42
twenty,custom,621,14,50
twenty,custom,622,17,47
twenty,custom,623,34,30
twenty,custom,624,17,47
twenty,custom,625,32,32
twenty,custom,626,12,52
twenty,custom,627,20,44
twenty,custom,628,21,43
twenty,custom,629,19,45
twenty,custom,630,19,45
twenty,custom,631,26,38
twenty,custom,632,21,43
twenty,custom,633,27,37
twenty,custom,634,12,52
twenty,custom,635,21,43
twenty,eva_my,81,19,45
twenty,eva_my,82,39,25
twenty,eva_my,83,31,33
twenty,eva_my,84,23,41
twenty,eva_my,85,38,26
twenty,eva_my,86,35,29
twenty,eva_my,87,23,41
twenty,eva_my,88,20,44
twenty,eva_my,89,30,34
twenty,eva_my,90,21,43
twenty,eva_my,91,30,34
twenty,eva_my,92,38,26
twenty,eva_my,93,21,43
twenty,eva_my,94,27,37
twenty,eva_my,95,27,37
twenty,eva_my,96,31,33
twenty,eva_my,97,40,24
twenty,eva_my,98,19,45
twenty,eva_my,99,31,33
twenty,eva_my,100,24,40
twenty,eva_my,616,28,36
twenty,eva_my,617,27,37
twenty,eva_my,618,34,30
twenty,eva_my,619,22,42
twenty,eva_my,620,20,44
twenty,eva_my,621,23,41
twenty,eva_my,622,19,45
twenty,eva_my,623,18,46
twenty,eva_my,624,30,34
twenty,eva_my,625,26,38
twenty,eva_my,626,19,45
twenty,eva_my,627,32,32
twenty,eva_my,628,24,40
twenty,eva_my,629,15,49
twenty,eva_my,630,18,46
twenty,eva_my,631,19,45
twenty,eva_my,632,34,30
twenty,eva_my,633,33,31
twenty,eva_my,634,46,18
twenty,eva_my,635,29,35
twenty,corner,81,21,43
twenty,corner,82,28,36
twenty,corner,83,28,36
twenty,corner,84,17,47
twenty,corner,85,16,48
twenty,corner,86,26,38
twenty,corner,87,24,40
twenty,corner,88,44,20
twenty,corner,89,11,53
twenty,corner,90,24,40
twenty,corner,91,18,46
twenty,corner,92,30,34
twenty,corner,93,20,44
twenty,corner,94,21,43
twenty,corner,95,33,31
twenty,corner,96,21,43
twenty,corner,97,18,46
twenty,corner,98,30,34
twenty,corner,99,35,29
twenty,corner,100,10,54
twenty,corner,616,34,30
twenty,corner,617,17,47
twenty,corner,618,20,44
twenty,corner,619,24,40
twenty,corner,620,17,47
twenty,corner,621,24,40
twenty,corner,622,54,10
twenty,corner,623,41,23
twenty,corner,624,20,44
twenty,corner,625,23,41
twenty,corner,626,29,35
twenty,corner,627,32,32
twenty,corner,628,17,47
twenty,corner,629,14,50
twenty,corner,630,38,26
twenty,corner,631,37,27
twenty,corner,632,34,30
twenty,corner,633,19,45
twenty,corner,634,37,27
twenty,corner,635,36,28
twenty,box,81,31,33
twenty,box,82,28,36
twenty,box,83,14,50
twenty,box,84,14,50
twenty,box,85,24,40
twenty,box,86,29,35
twenty,box,87,31,33
twenty,box,88,25,39
twenty,box,89,40,24
twenty,box,90,10,54
twenty,box,91,14,50
twenty,box,92,38,26
twenty,box,93,42,22
twenty,box,94,40,24
twenty,box,95,28,36
twenty,box,96,37,27
twenty,box,97,41,23
twenty,box,98,37,27
twenty,box,99,22,42
twenty,box,100,25,39
twenty,box,616,30,34
twenty,box,617,40,24
twenty,box,618,20,44
twenty,box,619,18,46
twenty,box,620,25,39
twenty,box,621,19,45
twenty,box,622,33,31
twenty,box,623,17,47
twenty,box,624,31,33
twenty,box,625,34,30
twenty,box,626,18,46
twenty,box,627,14,50
twenty,box,628,44,20
twenty,box,629,30,34
twenty,box,630,28,36
twenty,box,631,28,36
twenty,box,632,45,19
twenty,box,633,28,36
twenty,box,634,12,52
twenty,box,635,28,36
twenty,box_corner,81,38,26
twenty,box_corner,82,20,44
twenty,box_corner,83,21,43
twenty,box_corner,84,17,47
twenty,box_corner,85,22,42
twenty,box_corner,86,25,39
twenty,box_corner,87,42,22
twenty,box_corner,88,21,43
twenty,box_corner,89,21,43
twenty,box_corner,90,20,44
twenty,box_corner,91,24,40
twenty,box_corner,92,42,22
twenty,box_corner,93,37,27
twenty,box_corner,94,26,38
twenty,box_corner,95,26,38
twenty,box_corner,96,26,38
twenty,box_corner,97,29,35
twenty,box_corner,98,26,38
twenty,box_corner,99,32,32
twenty,box_corner,100,39,25
twenty,box_corner,616,20,44
twenty,box_corner,617,22,42
twenty,box_corner,618,38,26
twenty,box_corner,619,18,46
twenty,box_corner,620,19,45
twenty,box_corner,621,21,43
twenty,box_corner,622,22,42
twenty,box_corner,623,19,45
twenty,box_corner,624,16,48
twenty,box_corner,625,20,44
twenty,box_corner,626,38,26
twenty,box_corner,627,34,30
twenty,box_corner,628,29,35
twenty,box_corner,629,21,43
twenty,box_corner,630,20,44
twenty,box_corner,631,26,38
twenty,box_corner,632,29,35
twenty,box_corner,633,28,36
twenty,box_corner,634,29,35
twenty,box_corner,635,38,26
twenty,weak,81,45,19
twenty,weak,82,27,37
twenty,weak,83,45,19
twenty,weak,84,35,29
twenty,weak,85,27,37
twenty,weak,86,43,21
twenty,weak,87,44,20
twenty,weak,88,35,29
twenty,weak,89,47,17
twenty,weak,90,21,43
twenty,weak,91,54,10
twenty,weak,92,37,27
twenty,weak,93,39,25
twenty,weak,94,22,42
twenty,weak,95,22,42
twenty,weak,96,22,42
twenty,weak,97,29,35
twenty,weak,98,46,18
twenty,weak,99,45,19
twenty,weak,100,25,39
twenty,weak,616,37,27
twenty,weak,617,41,23
twenty,weak,618,43,21
twenty,weak,619,37,27
twenty,weak,620,32,32
twenty,weak,621,21,43
twenty,weak,622,46,18
twenty,weak,623,37,27
twenty,weak,624,30,34
twenty,weak,625,43,21
twenty,weak,626,45,19
twenty,weak,627,35,29
twenty,weak,628,39,25
twenty,weak,629,47,17
twenty,weak,630,47,17
twenty,weak,631,53,11
twenty,weak,632,37,27
twenty,weak,633,22,42
twenty,weak,634,50,14
twenty,weak,635,38,26
twenty,fifteen,81,22,42
twenty,fifteen,82,13,50
twenty,fifteen,83,15,49
twenty,fifteen,84,13,50
twenty,fifteen,85,15,49
twenty,fifteen,86,23,41
twenty,fifteen,87,9,55
twenty,fifteen,88,15,49
twenty,fifteen,89,13,50
twenty,fifteen,90,13,50
twenty,fifteen,91,15,49
twenty,fifteen,92,13,50
twenty,fifteen,93,23,41
twenty,fifteen,94,9,55
twenty,fifteen,95,23,41
twenty,fifteen,96,9,55
twenty,fifteen,97,23,41
twenty,fifteen,98,34,30
twenty,fifteen,99,23,41
twenty,fifteen,100,22,42
twenty,fifteen,616,15,49
twenty,fifteen,617,13,50
twenty,fifteen,618,23,41
twenty,fifteen,619,22,42
twenty,fifteen,620,15,49
twenty,fifteen,621,15,49
twenty,fifteen,622,13,50
twenty,fifteen,623,13,50
twenty,fifteen,624,15,49
twenty,fifteen,625,13,50
twenty,fifteen,626,23,41
twenty,fifteen,627,9,55
twenty,fifteen,628,23,41
twenty,fifteen,629,9,55
twenty,fifteen,630,13,50
twenty,fifteen,631,13,50
twenty,fifteen,632,23,41
twenty,fifteen,633,22,42
twenty,fifteen,634,13,50
twenty,fifteen,635,23,41
twenty,seventeen,81,24,40
twenty,seventeen,82,31,33
twenty,seventeen,83,19,45
twenty,seventeen,84,31,33
twenty,seventeen,85,31,33
twenty,seventeen,86,40,24
twenty,seventeen,87,31,33
twenty,seventeen,88,31,33
twenty,seventeen,89,15,49
twenty,seventeen,90,15,49
twenty,seventeen,91,31,33
twenty,seventeen,92,15,49
twenty,seventeen,93,24,40
twenty,seventeen,94,31,33
twenty,seventeen,95,34,30
twenty,seventeen,96,31,33
twenty,seventeen,97,24,40
twenty,seventeen,98,21,43
twenty,seventeen,99,24,40
twenty,seventeen,100,5,59
twenty,seventeen,616,21,43
twenty,seventeen,617,15,49
twenty,seventeen,618,34,30
twenty,seventeen,619,5,59
twenty,seventeen,620,21,43
twenty,seventeen,621,19,45
twenty,seventeen,622,31,33
twenty,seventeen,623,15,49
twenty,seventeen,624,19,45
twenty,seventeen,625,31,33
twenty,seventeen,626,24,40
twenty,seventeen,627,31,33
twenty,seventeen,628,24,40
twenty,seventeen,629,31,33
twenty,seventeen,630,15,49
twenty,seventeen,631,15,49
twenty,seventeen,632,24,40
twenty,seventeen,633,5,59
twenty,seventeen,634,31,33
twenty,seventeen,635,34,30
twenty,twenty,81,51,13
twenty,twenty,82,35,29
twenty,twenty,83,42,22
twenty,twenty,84,35,29
twenty,twenty,85,42,22
twenty,twenty,86,27,37
twenty,twenty,87,24,40
twenty,twenty,88,42,22
twenty,twenty,89,35,29
twenty,twenty,90,35,29
twenty,twenty,91,42,22
twenty,twenty,92,35,29
twenty,twenty,93,51,13
twenty,twenty,94,35,29
twenty,twenty,95,27,37
twenty,twenty,96,27,37
twenty,twenty,97,46,18
twenty,twenty,98,42,22
twenty,twenty,99,51,13
twenty,twenty,100,27,37
twenty,twenty,616,40,24
twenty,twenty,617,35,29
twenty,twenty,618,27,37
twenty,twenty,619,40,24
twenty,twenty,620,42,22
twenty,twenty,621,42,22
twenty,twenty,622,35,29
twenty,twenty,623,35,29
twenty,twenty,624,42,22
twenty,twenty,625,35,29
twenty,twenty,626,51,13
twenty,twenty,627,35,29
twenty,twenty,628,46,18
twenty,twenty,629,35,29
twenty,twenty,630,35,29
twenty,twenty,631,35,29
twenty,twenty,632,46,18
twenty,twenty,633,51,13
twenty,twenty,634,35,29
twenty,twenty,635,27,37
